,,,
Time,No.,Content,Hotness
2022-03-25 00:00:01,,,
,,水是生存之本文明之源, 
,1,杭州一小区发生汽车撞人事件,2682075
,2,已基本确定坠机事故主要撞击点,2192953
,3,天宫课堂第二课,1924343
,4,研究证实新冠病毒是美国公司制造,1787049
,5,Doinb,1486376
,6,女老板左眼经常跳以为要发财结果竟是病,1433447
,7,今日俄罗斯知名主持人因俄乌冲突在美失业,1359439
,8,马琳琳,1019852
,9,国足vs沙特,986294
,10,研究称试管婴儿成年后更幸福,908949
,11,素颜和解,898916
,12,河北省教育厅最新发布,872598
,13,第一部黑匣子不排除存储单元损坏可能性,698111
,14,梁朝伟是最早的糊弄学大师吧,690560
,15,泸州一农户办酒席食物中毒多人身亡,582904
,16,挑衅他国美国第二没有国家敢当第一,565197
,17,mbti,557294
,18,黑匣子数据下载分析工作正在进行,530083
,19,24岁辅警黄浩倒在执勤一线,518208
,20,赵露思且试天下绿衣路透,剧集 518203
,21,杨紫好会演恋爱中的小女生,剧集 518184
,22,男生女生向前冲报名,综艺 518167
,23,距核心现场约十公里发现疑似飞机残骸,518157
,24,普通人化内娱女团妆,518150
,25,莫里森称G20不想和普京坐一起,505776
,26,国足丢球,424609
,27,千万不要跟什么样的人谈恋爱,420694
,28,男子喜提新车还没到家就扣完12分,401993
,29,纪云禾九尾狐灵力觉醒,剧集 391592
,30,黄子韬陆询热恋吻杀疯了,剧集 387079
,31,叫嚣给中国教训的人首先要学会接受教训,377930
,32,在重庆吃爆辣烤翅会有什么后果,363543
,33,张翰张松龄这程度只算浅虐一下,剧集 363110
,34,16句话回答人为什么要读书,341478
,35,国足vs沙特首发,321878
,36,谁能懂猪脚饭的浪漫,317155
,37,宋雨琦tomboyMCD直拍,音乐 288370
,38,国防部5问美生物军事活动,271061
,39,易烊千玺体验角色有多极致,251858
,40,校方回应本科学院被卖变职业学校,215337
,41,美官员讨论冻结俄价值1320亿美元黄金储备,208867
,42,迪丽热巴眼泪划过泪痣,剧集 205313
,43,200多名旅客家属已前往事故现场,201020
,44,被奶奶宠着有多幸福,198878
,45,春季宝藏单鞋,195382
,46,俄发布美在乌生物实验室最新文件研究结果,190197
,47,宝沃汽车已无财产可供执行,190154
,48,隔离期同事的电脑有多诡异,188854
,49,失事飞机不涉及拨叉检修问题,184854
,50,美方涉乌克兰生物实验室回应存诸多漏洞,174940
,,,
Time,No.,Content,Hotness
2022-03-25 00:15:01,,,
,,民航局开展为期2周行业安全大检查, 
,1,国足丢球,2228152
,2,杭州一小区发生汽车撞人事件,2171176
,3,天宫课堂第二课,1904903
,4,已基本确定坠机事故主要撞击点,1847021
,5,研究证实新冠病毒是美国公司制造,1461524
,6,女老板左眼经常跳以为要发财结果竟是病,1178150
,7,Doinb,1082084
,8,今日俄罗斯知名主持人因俄乌冲突在美失业,1058822
,9,国足vs沙特,966454
,10,河北省教育厅最新发布,731364
,11,黑匣子数据下载分析工作正在进行,721416
,12,素颜和解,715285
,13,研究称试管婴儿成年后更幸福,693069
,14,MU5735家属带走一罐现场泥土,691020
,15,梁朝伟是最早的糊弄学大师吧,687663
,16,马琳琳,642199
,17,距核心现场约十公里发现疑似飞机残骸,613781
,18,mbti,565822
,19,泸州一农户办酒席食物中毒多人身亡,491692
,20,第一部黑匣子不排除存储单元损坏可能性,483986
,21,杨紫好会演恋爱中的小女生,剧集 481135
,22,男生女生向前冲报名,综艺 450946
,23,赵露思且试天下绿衣路透,剧集 437090
,24,挑衅他国美国第二没有国家敢当第一,413198
,25,16句话回答人为什么要读书,380546
,26,千万不要跟什么样的人谈恋爱,377878
,27,莫里森称G20不想和普京坐一起,369756
,28,24岁辅警黄浩倒在执勤一线,361476
,29,普通人化内娱女团妆,361055
,30,纪云禾九尾狐灵力觉醒,剧集 344004
,31,叫嚣给中国教训的人首先要学会接受教训,317355
,32,谁能懂猪脚饭的浪漫,316185
,33,男子喜提新车还没到家就扣完12分,301405
,34,俄发布美在乌生物实验室最新文件研究结果,285702
,35,帕梅拉究竟有多难,282131
,36,在重庆吃爆辣烤翅会有什么后果,267448
,37,国足vs沙特首发,229349
,38,黄子韬陆询热恋吻杀疯了,剧集 228743
,39,宋雨琦tomboyMCD直拍,音乐 227719
,40,国防部5问美生物军事活动,199376
,41,张翰张松龄这程度只算浅虐一下,剧集 197588
,42,被奶奶宠着有多幸福,190651
,43,美官员讨论冻结俄价值1320亿美元黄金储备,183294
,44,春季宝藏单鞋,181962
,45,校方回应本科学院被卖变职业学校,173911
,46,美方涉乌克兰生物实验室回应存诸多漏洞,166476
,47,迪丽热巴眼泪划过泪痣,剧集 164332
,48,国足vs沙特半场0射门,162371
,49,200多名旅客家属已前往事故现场,161956
,50,易烊千玺体验角色有多极致,161813
,,,
Time,No.,Content,Hotness
2022-03-25 00:30:01,,,
,,民航局开展为期2周行业安全大检查, 
,1,MU5735家属带走一罐现场泥土,5651958
,2,杭州一小区发生汽车撞人事件,1669860
,3,天宫课堂第二课,1478853
,4,国足丢球,1449929
,5,已基本确定坠机事故主要撞击点,1361697
,6,研究证实新冠病毒是美国公司制造,1261646
,7,女老板左眼经常跳以为要发财结果竟是病,987498
,8,今日俄罗斯知名主持人因俄乌冲突在美失业,898364
,9,Doinb,755624
,10,国足vs沙特,665831
,11,黑匣子数据下载分析工作正在进行,664083
,12,素颜和解,635797
,13,河北省教育厅最新发布,582219
,14,距核心现场约十公里发现疑似飞机残骸,574195
,15,mbti,559219
,16,研究称试管婴儿成年后更幸福,531170
,17,泸州一农户办酒席食物中毒多人身亡,427262
,18,梁朝伟是最早的糊弄学大师吧,425740
,19,马琳琳,423912
,20,16句话回答人为什么要读书,380801
,21,杨紫好会演恋爱中的小女生,剧集 377120
,22,男生女生向前冲报名,综艺 372941
,23,赵露思且试天下绿衣路透,剧集 370575
,24,俄发布美在乌生物实验室最新文件研究结果,368067
,25,第一部黑匣子不排除存储单元损坏可能性,346407
,26,帕梅拉究竟有多难,345889
,27,挑衅他国美国第二没有国家敢当第一,328766
,28,莫里森称G20不想和普京坐一起,326103
,29,谁能懂猪脚饭的浪漫,322090
,30,叫嚣给中国教训的人首先要学会接受教训,316493
,31,纪云禾九尾狐灵力觉醒,剧集 304956
,32,千万不要跟什么样的人谈恋爱,296537
,33,24岁辅警黄浩倒在执勤一线,277266
,34,男子喜提新车还没到家就扣完12分,237473
,35,普通人化内娱女团妆,234935
,36,笑影的嬴政,220430
,37,在重庆吃爆辣烤翅会有什么后果,204992
,38,春季宝藏单鞋,195890
,39,国足vs沙特半场0射门,183685
,40,宋雨琦tomboyMCD直拍,音乐 170419
,41,张翰张松龄这程度只算浅虐一下,剧集 169008
,42,校方回应本科学院被卖变职业学校,167067
,43,美官员讨论冻结俄价值1320亿美元黄金储备,166396
,44,黄子韬陆询热恋吻杀疯了,剧集 166049
,45,被奶奶宠着有多幸福,159558
,46,张琳芃三连铲,155074
,47,张玉宁进球被吹,152176
,48,迪丽热巴眼泪划过泪痣,剧集 151554
,49,国防部5问美生物军事活动,150722
,50,200多名旅客家属已前往事故现场,96773
,,,
Time,No.,Content,Hotness
2022-03-25 00:45:01,,,
,,民航局开展为期2周行业安全大检查, 
,1,MU5735家属带走一罐现场泥土,7009853
,2,国足丢球,3098279
,3,天宫课堂第二课,2464331
,4,黑匣子数据下载分析工作正在进行,2271362
,5,杭州一小区发生汽车撞人事件,1146509
,6,研究证实新冠病毒是美国公司制造,1050193
,7,已基本确定坠机事故主要撞击点,1021870
,8,女老板左眼经常跳以为要发财结果竟是病,795466
,9,今日俄罗斯知名主持人因俄乌冲突在美失业,690085
,10,国足vs沙特,610110
,11,素颜和解,574676
,12,距核心现场约十公里发现疑似飞机残骸,572513
,13,Doinb,523439
,14,mbti,506644
,15,河北省教育厅最新发布,449104
,16,研究称试管婴儿成年后更幸福,418668
,17,帕梅拉究竟有多难,415086
,18,俄发布美在乌生物实验室最新文件研究结果,408580
,19,泸州一农户办酒席食物中毒多人身亡,331101
,20,梁朝伟是最早的糊弄学大师吧,330992
,21,杨紫好会演恋爱中的小女生,剧集 328986
,22,男生女生向前冲报名,综艺 327894
,23,赵露思且试天下绿衣路透,剧集 325096
,24,16句话回答人为什么要读书,324984
,25,国足vs沙特半场0射门,307977
,26,谁能懂猪脚饭的浪漫,306979
,27,叫嚣给中国教训的人首先要学会接受教训,292835
,28,纪云禾九尾狐灵力觉醒,剧集 247341
,29,徐正溪周洁琼吻戏好上头,剧集 246029
,30,马琳琳,244541
,31,莫里森称G20不想和普京坐一起,238023
,32,千万不要跟什么样的人谈恋爱,235252
,33,第一部黑匣子不排除存储单元损坏可能性,230724
,34,挑衅他国美国第二没有国家敢当第一,223099
,35,春季宝藏单鞋,209423
,36,24岁辅警黄浩倒在执勤一线,207572
,37,笑影的嬴政,191145
,38,普通人化内娱女团妆,186905
,39,男子喜提新车还没到家就扣完12分,178654
,40,张玉宁进球被吹,177996
,41,迪丽热巴眼泪划过泪痣,剧集 177655
,42,在重庆吃爆辣烤翅会有什么后果,150414
,43,校方回应本科学院被卖变职业学校,141634
,44,黄子韬陆询热恋吻杀疯了,剧集 141615
,45,张琳芃三连铲,141293
,46,被奶奶宠着有多幸福,132894
,47,张翰张松龄这程度只算浅虐一下,剧集 130042
,48,颜骏凌神扑,126215
,49,美官员讨论冻结俄价值1320亿美元黄金储备,122627
,50,喜糖盒可以有多高级,122394
,,,
Time,No.,Content,Hotness
2022-03-25 01:00:02,,,
,,民航局开展为期2周行业安全大检查, 
,1,MU5735家属带走一罐现场泥土,9782999
,2,杭州一小区发生汽车撞人事件,888685
,3,天宫课堂第二课,868489
,•,庆余年1.5季,
,4,国足丢球,868403
,5,黑匣子数据下载分析工作正在进行,868350
,6,研究证实新冠病毒是美国公司制造,867768
,7,女老板左眼经常跳以为要发财结果竟是病,663840
,8,已基本确定坠机事故主要撞击点,659103
,9,国足点球,616689
,10,国足vs沙特,615822
,11,素颜和解,608782
,12,距核心现场约十公里发现疑似飞机残骸,604494
,13,今日俄罗斯知名主持人因俄乌冲突在美失业,564452
,14,帕梅拉究竟有多难,499681
,15,Doinb,392887
,16,俄发布美在乌生物实验室最新文件研究结果,376784
,17,mbti,371997
,18,河北省教育厅最新发布,336881
,19,研究称试管婴儿成年后更幸福,308811
,20,梁朝伟是最早的糊弄学大师吧,303242
,21,男生女生向前冲报名,综艺 295158
,22,16句话回答人为什么要读书,283375
,23,赵露思且试天下绿衣路透,剧集 272139
,24,泸州一农户办酒席食物中毒多人身亡,247595
,25,国足1比1沙特,218354
,26,徐正溪周洁琼吻戏好上头,剧集 217914
,27,叫嚣给中国教训的人首先要学会接受教训,215712
,28,纪云禾九尾狐灵力觉醒,剧集 209949
,29,谁能懂猪脚饭的浪漫,206165
,30,张玉宁进球被吹,198842
,31,莫里森称G20不想和普京坐一起,192125
,32,千万不要跟什么样的人谈恋爱,176524
,33,挑衅他国美国第二没有国家敢当第一,158323
,34,24岁辅警黄浩倒在执勤一线,158209
,35,春季宝藏单鞋,157889
,36,张琳芃三连铲,145723
,37,马琳琳,144013
,38,喜糖盒可以有多高级,143932
,39,国足vs沙特半场0射门,143868
,40,第一部黑匣子不排除存储单元损坏可能性,143774
,41,普通人化内娱女团妆,143770
,42,笑影的嬴政,143730
,43,男子喜提新车还没到家就扣完12分,137031
,44,迪丽热巴眼泪划过泪痣,剧集 132381
,45,国足落后沙特,128481
,46,校方回应本科学院被卖变职业学校,123864
,47,早春的爆棚购物欲,121764
,48,被奶奶宠着有多幸福,112992
,49,在重庆吃爆辣烤翅会有什么后果,108983
,50,黄子韬陆询热恋吻杀疯了,剧集 99125
,,,
Time,No.,Content,Hotness
2022-03-25 01:15:01,,,
,,民航局开展为期2周行业安全大检查, 
,1,MU5735家属带走一罐现场泥土,8502798
,2,国足点球,1445692
,3,天宫课堂第二课,1108692
,4,黑匣子数据下载分析工作正在进行,1104598
,5,国足1比1沙特,1088310
,6,国足vs沙特,845747
,7,研究证实新冠病毒是美国公司制造,698516
,8,杭州一小区发生汽车撞人事件,629813
,9,已基本确定坠机事故主要撞击点,623975
,10,女老板左眼经常跳以为要发财结果竟是病,502150
,11,素颜和解,478805
,12,距核心现场约十公里发现疑似飞机残骸,438408
,13,今日俄罗斯知名主持人因俄乌冲突在美失业,394241
,14,帕梅拉究竟有多难,394157
,15,Doinb,392500
,16,俄发布美在乌生物实验室最新文件研究结果,392481
,17,mbti,358263
,18,于大宝,331225
,19,研究称试管婴儿成年后更幸福,319864
,20,梁朝伟是最早的糊弄学大师吧,309453
,21,余生请多指教,剧集 306946
,22,男生女生向前冲报名,综艺 300786
,23,徐正溪周洁琼吻戏好上头,剧集 268101
,24,河北省教育厅最新发布,239180
,25,国足丢球,238999
,26,赵露思且试天下绿衣路透,剧集 232386
,27,16句话回答人为什么要读书,219842
,28,泸州一农户办酒席食物中毒多人身亡,189707
,29,谁能懂猪脚饭的浪漫,186616
,30,张玉宁进球被吹,180946
,31,朱辰杰点球破门,177216
,32,喜糖盒可以有多高级,170001
,33,叫嚣给中国教训的人首先要学会接受教训,155639
,34,纪云禾九尾狐灵力觉醒,剧集 155430
,35,千万不要跟什么样的人谈恋爱,150865
,36,莫里森称G20不想和普京坐一起,140317
,37,张琳芃三连铲,136545
,38,春季宝藏单鞋,130741
,39,24岁辅警黄浩倒在执勤一线,124357
,40,笑影的嬴政,122572
,41,迪丽热巴眼泪划过泪痣,剧集 117228
,42,男子喜提新车还没到家就扣完12分,110020
,43,校方回应本科学院被卖变职业学校,103172
,44,早春的爆棚购物欲,103140
,45,挑衅他国美国第二没有国家敢当第一,102591
,46,第一部黑匣子不排除存储单元损坏可能性,101690
,47,普通人化内娱女团妆,98561
,48,马琳琳,94042
,49,被奶奶宠着有多幸福,91388
,50,国足的拼劲,87450
,,,
Time,No.,Content,Hotness
2022-03-25 01:30:01,,,
,,水是生存之本文明之源, 
,1,MU5735家属带走一罐现场泥土,6502782
,2,国足点球,1387199
,3,天宫课堂第二课,1353397
,•,3999元起荣耀Magic4开卖,
,4,国足1比1沙特,1348970
,5,黑匣子数据下载分析工作正在进行,1209151
,6,研究证实新冠病毒是美国公司制造,572955
,7,于大宝,481746
,8,已基本确定坠机事故主要撞击点,481557
,9,杭州一小区发生汽车撞人事件,480547
,10,女老板左眼经常跳以为要发财结果竟是病,402004
,11,国足vs沙特,390354
,12,素颜和解,378630
,13,距核心现场约十公里发现疑似飞机残骸,366443
,14,俄发布美在乌生物实验室最新文件研究结果,330233
,15,帕梅拉究竟有多难,272488
,16,Doinb,214719
,17,今日俄罗斯知名主持人因俄乌冲突在美失业,214164
,18,mbti,213985
,19,研究称试管婴儿成年后更幸福,212858
,20,16句话回答人为什么要读书,172653
,21,徐正溪周洁琼吻戏好上头,剧集 172030
,22,男生女生向前冲报名,综艺 169322
,23,余生请多指教,剧集 165475
,24,喜糖盒可以有多高级,163874
,25,河北省教育厅最新发布,161444
,26,国足球员缅怀空难遇难者,159106
,27,梁朝伟是最早的糊弄学大师吧,157218
,28,张玉宁进球被吹,147655
,29,泸州一农户办酒席食物中毒多人身亡,146316
,30,赵露思且试天下绿衣路透,剧集 146177
,31,国足的拼劲,145989
,32,纪云禾九尾狐灵力觉醒,剧集 122837
,33,谁能懂猪脚饭的浪漫,122533
,34,张琳芃三连铲,113605
,35,叫嚣给中国教训的人首先要学会接受教训,113326
,36,千万不要跟什么样的人谈恋爱,111490
,37,莫里森称G20不想和普京坐一起,105830
,38,24岁辅警黄浩倒在执勤一线,101210
,39,春季宝藏单鞋,100676
,40,笑影的嬴政,98857
,41,男子喜提新车还没到家就扣完12分,90968
,42,早春的爆棚购物欲,89551
,43,校方回应本科学院被卖变职业学校,81141
,44,被奶奶宠着有多幸福,80720
,45,迪丽热巴眼泪划过泪痣,剧集 80058
,46,第一部黑匣子不排除存储单元损坏可能性,79183
,47,挑衅他国美国第二没有国家敢当第一,75273
,48,普通人化内娱女团妆,74899
,49,马琳琳,72016
,50,波兰冻结俄罗斯大使馆银行账户,69427
,,,
Time,No.,Content,Hotness
2022-03-25 01:45:01,,,
,,水是生存之本文明之源, 
,1,MU5735家属带走一罐现场泥土,3797183
,2,国足1比1沙特,1278932
,3,天宫课堂第二课,1053577
,4,国足点球,887784
,5,黑匣子数据下载分析工作正在进行,874573
,6,于大宝,587852
,7,研究证实新冠病毒是美国公司制造,499167
,8,已基本确定坠机事故主要撞击点,449919
,9,杭州一小区发生汽车撞人事件,353459
,10,女老板左眼经常跳以为要发财结果竟是病,322235
,11,素颜和解,321918
,12,国足vs沙特,296665
,13,国足球员缅怀空难遇难者,279782
,14,帕梅拉究竟有多难,275749
,15,距核心现场约十公里发现疑似飞机残骸,260727
,16,今日俄罗斯知名主持人因俄乌冲突在美失业,247582
,17,喜糖盒可以有多高级,247022
,18,Doinb,246412
,19,俄发布美在乌生物实验室最新文件研究结果,246248
,20,mbti,224629
,21,男生女生向前冲报名,综艺 200961
,22,研究称试管婴儿成年后更幸福,171687
,23,徐正溪周洁琼吻戏好上头,剧集 170731
,24,波兰冻结俄罗斯大使馆银行账户,165804
,25,杨紫好会演恋爱中的小女生,剧集 133658
,26,梁朝伟是最早的糊弄学大师吧,132653
,27,16句话回答人为什么要读书,130715
,28,国足的拼劲,123970
,29,赵露思且试天下绿衣路透,剧集 123700
,30,泸州一农户办酒席食物中毒多人身亡,120275
,31,河北省教育厅最新发布,104912
,32,谁能懂猪脚饭的浪漫,104232
,33,张玉宁进球被吹,98805
,34,纪云禾九尾狐灵力觉醒,剧集 93092
,35,春季宝藏单鞋,91462
,36,24岁辅警黄浩倒在执勤一线,89815
,37,叫嚣给中国教训的人首先要学会接受教训,80819
,38,千万不要跟什么样的人谈恋爱,80490
,39,笑影的嬴政,80057
,40,张琳芃三连铲,79475
,41,早春的爆棚购物欲,79417
,42,莫里森称G20不想和普京坐一起,78941
,43,男子喜提新车还没到家就扣完12分,76400
,44,迪丽热巴眼泪划过泪痣,剧集 76290
,45,校方回应本科学院被卖变职业学校,72773
,46,被奶奶宠着有多幸福,71082
,47,普通人化内娱女团妆,70771
,48,第一部黑匣子不排除存储单元损坏可能性,66730
,49,挑衅他国美国第二没有国家敢当第一,61995
,50,颜骏凌神扑,52783
,,,
Time,No.,Content,Hotness
2022-03-25 05:00:01,,,
,,民航局开展为期2周行业安全大检查, 
,1,MU5735家属带走一罐现场泥土,434483
,2,国足1比1沙特,134649
,3,天宫课堂第二课,133941
,•,荣耀耳机卷起来了,
,4,已基本确定坠机事故主要撞击点,133667
,5,研究证实新冠病毒是美国公司制造,105962
,6,男子长期戴耳机睡觉左耳听觉丧失,105086
,7,黑匣子数据下载分析工作正在进行,101903
,8,国足球员缅怀空难遇难者,74941
,9,杭州一小区发生汽车撞人事件,71904
,10,女老板左眼经常跳以为要发财结果竟是病,67967
,11,朝鲜疑似发射洲际弹道导弹,66683
,12,女子网恋一个月转给男友92万,65547
,13,喜糖盒可以有多高级,62040
,14,波兰冻结俄罗斯大使馆银行账户,56719
,15,于大宝,56000
,16,素颜和解,53141
,17,今日俄罗斯知名主持人因俄乌冲突在美失业,49379
,18,距核心现场约十公里发现疑似飞机残骸,42386
,19,帕梅拉究竟有多难,42348
,20,研究称试管婴儿成年后更幸福,42243
,21,杨紫好会演恋爱中的小女生,剧集 41989
,22,俄发布美在乌生物实验室最新文件研究结果,41377
,23,梁朝伟是最早的糊弄学大师吧,40747
,24,泸州一农户办酒席食物中毒多人身亡,32573
,25,国足点球,32333
,26,多地出现无人值守外卖小哥补给站,31529
,27,徐正溪周洁琼吻戏好上头,剧集 31499
,28,叫嚣给中国教训的人首先要学会接受教训,30140
,29,男生女生向前冲报名,综艺 27620
,30,赵露思且试天下绿衣路透,剧集 27618
,31,Doinb,27571
,32,16句话回答人为什么要读书,26261
,33,mbti,26148
,34,男子喜提新车还没到家就扣完12分,25798
,35,莫里森称G20不想和普京坐一起,23713
,36,千万不要跟什么样的人谈恋爱,23559
,37,24岁辅警黄浩倒在执勤一线,22345
,38,校方回应本科学院被卖变职业学校,20794
,39,心居,剧集 20620
,40,国足的拼劲,20481
,41,河北省教育厅最新发布,20410
,42,松垮小肚腩的逆袭训练,19781
,43,迪丽热巴眼泪划过泪痣,剧集 19440
,44,国足vs沙特,19195
,45,第一部黑匣子不排除存储单元损坏可能性,18636
,46,挑衅他国美国第二没有国家敢当第一,17598
,47,普通人化内娱女团妆,16441
,48,笑影的嬴政,15526
,49,被奶奶宠着有多幸福,13960
,50,谁能懂猪脚饭的浪漫,13274
,,,
Time,No.,Content,Hotness
2022-03-25 05:15:01,,,
,,民航局开展为期2周行业安全大检查, 
,1,MU5735家属带走一罐现场泥土,482258
,2,国足1比1沙特,141908
,3,天宫课堂第二课,137587
,•,荣耀耳机卷起来了,
,4,已基本确定坠机事故主要撞击点,134957
,5,女子网恋一个月转给男友92万,127128
,6,研究证实新冠病毒是美国公司制造,106641
,7,黑匣子数据下载分析工作正在进行,100167
,8,男子长期戴耳机睡觉左耳听觉丧失,88742
,9,国足球员缅怀空难遇难者,71039
,10,杭州一小区发生汽车撞人事件,66166
,11,朝鲜疑似发射洲际弹道导弹,66058
,12,喜糖盒可以有多高级,65954
,13,女老板左眼经常跳以为要发财结果竟是病,65771
,14,多地出现无人值守外卖小哥补给站,62355
,15,于大宝,57409
,16,波兰冻结俄罗斯大使馆银行账户,54904
,17,帕梅拉究竟有多难,51844
,18,研究称试管婴儿成年后更幸福,49347
,19,今日俄罗斯知名主持人因俄乌冲突在美失业,48204
,20,素颜和解,47922
,21,杨紫好会演恋爱中的小女生,剧集 47860
,22,俄发布美在乌生物实验室最新文件研究结果,41948
,23,梁朝伟是最早的糊弄学大师吧,41814
,24,距核心现场约十公里发现疑似飞机残骸,37894
,25,泸州一农户办酒席食物中毒多人身亡,32490
,26,徐正溪周洁琼吻戏好上头,剧集 31289
,27,国足点球,29998
,28,叫嚣给中国教训的人首先要学会接受教训,27254
,29,赵露思且试天下绿衣路透,剧集 27220
,30,男生女生向前冲报名,综艺 26513
,31,男子喜提新车还没到家就扣完12分,26464
,32,mbti,26452
,33,16句话回答人为什么要读书,25933
,34,Doinb,25755
,35,千万不要跟什么样的人谈恋爱,24956
,36,莫里森称G20不想和普京坐一起,23025
,37,松垮小肚腩的逆袭训练,20502
,38,国足的拼劲,20382
,39,河北省教育厅最新发布,19755
,40,校方回应本科学院被卖变职业学校,19692
,41,迪丽热巴眼泪划过泪痣,剧集 19602
,42,24岁辅警黄浩倒在执勤一线,19115
,43,第一部黑匣子不排除存储单元损坏可能性,18028
,44,心居,剧集 18013
,45,国足vs沙特,17920
,46,挑衅他国美国第二没有国家敢当第一,16613
,47,小猫咪为了约会有多拼,15870
,48,笑影的嬴政,15305
,49,SOHO物业被罚1.15亿元,13936
,50,普通人化内娱女团妆,13887
,,,
Time,No.,Content,Hotness
2022-03-25 05:30:01,,,
,,水是生存之本文明之源, 
,1,MU5735家属带走一罐现场泥土,514611
,2,国足1比1沙特,150078
,3,天宫课堂第二课,142513
,4,已基本确定坠机事故主要撞击点,138282
,5,女子网恋一个月转给男友92万,137915
,6,研究证实新冠病毒是美国公司制造,116599
,7,黑匣子数据下载分析工作正在进行,101569
,8,男子长期戴耳机睡觉左耳听觉丧失,82058
,9,国足球员缅怀空难遇难者,72821
,10,女老板左眼经常跳以为要发财结果竟是病,66443
,11,多地出现无人值守外卖小哥补给站,66343
,12,朝鲜疑似发射洲际弹道导弹,66278
,13,喜糖盒可以有多高级,65280
,14,杭州一小区发生汽车撞人事件,64018
,15,于大宝,58335
,16,波兰冻结俄罗斯大使馆银行账户,56372
,17,帕梅拉究竟有多难,55642
,18,研究称试管婴儿成年后更幸福,44976
,19,今日俄罗斯知名主持人因俄乌冲突在美失业,44816
,20,梁朝伟是最早的糊弄学大师吧,44375
,21,杨紫好会演恋爱中的小女生,剧集 43896
,22,俄发布美在乌生物实验室最新文件研究结果,42752
,23,素颜和解,40603
,24,距核心现场约十公里发现疑似飞机残骸,36784
,25,泸州一农户办酒席食物中毒多人身亡,33671
,26,徐正溪周洁琼吻戏好上头,剧集 32347
,27,国足点球,29771
,28,男子喜提新车还没到家就扣完12分,27652
,29,赵露思且试天下绿衣路透,剧集 27598
,30,叫嚣给中国教训的人首先要学会接受教训,26898
,31,16句话回答人为什么要读书,26285
,32,mbti,26185
,33,男生女生向前冲报名,综艺 25961
,34,Doinb,24082
,35,千万不要跟什么样的人谈恋爱,23983
,36,莫里森称G20不想和普京坐一起,23039
,37,SOHO物业被罚1.15亿元,22044
,38,小猫咪为了约会有多拼,21418
,39,国足的拼劲,20216
,40,河北省教育厅最新发布,20153
,41,迪丽热巴眼泪划过泪痣,剧集 19966
,42,松垮小肚腩的逆袭训练,19675
,43,校方回应本科学院被卖变职业学校,19445
,44,心居,剧集 19300
,45,第一部黑匣子不排除存储单元损坏可能性,18835
,46,24岁辅警黄浩倒在执勤一线,18041
,47,挑衅他国美国第二没有国家敢当第一,17446
,48,国足vs沙特,16047
,49,普通人化内娱女团妆,15300
,50,笑影的嬴政,14671
,,,
Time,No.,Content,Hotness
2022-03-25 05:45:01,,,
,,民航局开展为期2周行业安全大检查, 
,1,MU5735家属带走一罐现场泥土,561574
,2,国足1比1沙特,160284
,3,天宫课堂第二课,151794
,4,已基本确定坠机事故主要撞击点,150459
,5,女子网恋一个月转给男友92万,143010
,6,研究证实新冠病毒是美国公司制造,129759
,7,黑匣子数据下载分析工作正在进行,118824
,8,男子长期戴耳机睡觉左耳听觉丧失,83427
,9,国足球员缅怀空难遇难者,82063
,10,女老板左眼经常跳以为要发财结果竟是病,75933
,11,多地出现无人值守外卖小哥补给站,75307
,12,喜糖盒可以有多高级,72174
,13,朝鲜疑似发射洲际弹道导弹,71007
,14,于大宝,66155
,15,杭州一小区发生汽车撞人事件,65942
,16,波兰冻结俄罗斯大使馆银行账户,64141
,17,帕梅拉究竟有多难,63584
,18,研究称试管婴儿成年后更幸福,49610
,19,今日俄罗斯知名主持人因俄乌冲突在美失业,49438
,20,梁朝伟是最早的糊弄学大师吧,49258
,21,杨紫好会演恋爱中的小女生,剧集 49250
,22,俄发布美在乌生物实验室最新文件研究结果,49078
,23,素颜和解,44443
,24,距核心现场约十公里发现疑似飞机残骸,39049
,25,SOHO物业被罚1.15亿元,37086
,26,泸州一农户办酒席食物中毒多人身亡,35567
,27,徐正溪周洁琼吻戏好上头,剧集 34558
,28,男子喜提新车还没到家就扣完12分,30591
,29,国足点球,29968
,30,赵露思且试天下绿衣路透,剧集 29866
,31,叫嚣给中国教训的人首先要学会接受教训,28710
,32,16句话回答人为什么要读书,28224
,33,小猫咪为了约会有多拼,28019
,34,男生女生向前冲报名,综艺 27202
,35,莫里森称G20不想和普京坐一起,26182
,36,mbti,25084
,37,Doinb,24539
,38,河北省教育厅最新发布,23912
,39,千万不要跟什么样的人谈恋爱,22918
,40,第一部黑匣子不排除存储单元损坏可能性,21672
,41,国足的拼劲,19879
,42,迪丽热巴眼泪划过泪痣,剧集 19788
,43,松垮小肚腩的逆袭训练,19691
,44,校方回应本科学院被卖变职业学校,19281
,45,心居,剧集 19261
,46,挑衅他国美国第二没有国家敢当第一,19220
,47,24岁辅警黄浩倒在执勤一线,19065
,48,普通人化内娱女团妆,16223
,49,国足vs沙特,15950
,50,笑影的嬴政,14684
,,,
Time,No.,Content,Hotness
2022-03-25 06:00:02,,,
,,水是生存之本文明之源, 
,1,MU5735家属带走一罐现场泥土,714362
,2,国足1比1沙特,198094
,3,天宫课堂第二课,178088
,•,3999元起荣耀Magic4开卖,
,4,已基本确定坠机事故主要撞击点,175164
,5,女子网恋一个月转给男友92万,159115
,6,研究证实新冠病毒是美国公司制造,138540
,7,黑匣子数据下载分析工作正在进行,124843
,8,国足球员缅怀空难遇难者,109225
,9,女老板左眼经常跳以为要发财结果竟是病,91864
,10,男子长期戴耳机睡觉左耳听觉丧失,90154
,11,多地出现无人值守外卖小哥补给站,86550
,12,喜糖盒可以有多高级,85521
,13,朝鲜疑似发射洲际弹道导弹,84087
,14,于大宝,82569
,15,波兰冻结俄罗斯大使馆银行账户,78849
,16,帕梅拉究竟有多难,73993
,17,杭州一小区发生汽车撞人事件,73567
,18,今日俄罗斯知名主持人因俄乌冲突在美失业,59318
,19,梁朝伟是最早的糊弄学大师吧,59017
,20,研究称试管婴儿成年后更幸福,57881
,21,杨紫好会演恋爱中的小女生,剧集 57755
,22,俄发布美在乌生物实验室最新文件研究结果,57418
,23,SOHO物业被罚1.15亿元,50918
,24,距核心现场约十公里发现疑似飞机残骸,45939
,25,素颜和解,41712
,26,泸州一农户办酒席食物中毒多人身亡,39386
,27,国足点球,35888
,28,徐正溪周洁琼吻戏好上头,剧集 35876
,29,男子喜提新车还没到家就扣完12分,35734
,30,16句话回答人为什么要读书,35064
,31,小猫咪为了约会有多拼,34903
,32,河北省教育厅最新发布,33877
,33,叫嚣给中国教训的人首先要学会接受教训,32126
,34,赵露思且试天下绿衣路透,剧集 31476
,35,莫里森称G20不想和普京坐一起,29188
,36,Doinb,28469
,37,千万不要跟什么样的人谈恋爱,28464
,38,男生女生向前冲报名,综艺 28442
,39,第一部黑匣子不排除存储单元损坏可能性,25858
,40,迪丽热巴眼泪划过泪痣,剧集 24310
,41,24岁辅警黄浩倒在执勤一线,23621
,42,国足的拼劲,23030
,43,挑衅他国美国第二没有国家敢当第一,22533
,44,松垮小肚腩的逆袭训练,21967
,45,mbti,21182
,46,校方回应本科学院被卖变职业学校,21161
,47,国足vs沙特,19236
,48,心居,剧集 18184
,49,外交部再谈乌克兰局势,15446
,50,笑影的嬴政,15270
,,,
Time,No.,Content,Hotness
2022-03-25 06:15:01,,,
,,民航局开展为期2周行业安全大检查, 
,1,MU5735家属带走一罐现场泥土,1022201
,2,国足1比1沙特,272725
,3,天宫课堂第二课,229005
,4,已基本确定坠机事故主要撞击点,228141
,5,研究证实新冠病毒是美国公司制造,195378
,6,女子网恋一个月转给男友92万,180908
,7,黑匣子数据下载分析工作正在进行,180492
,8,国足球员缅怀空难遇难者,147718
,9,女老板左眼经常跳以为要发财结果竟是病,131582
,10,男子长期戴耳机睡觉左耳听觉丧失,116997
,11,多地出现无人值守外卖小哥补给站,115742
,12,喜糖盒可以有多高级,111928
,13,朝鲜疑似发射洲际弹道导弹,109758
,14,于大宝,102838
,15,波兰冻结俄罗斯大使馆银行账户,101218
,16,帕梅拉究竟有多难,98496
,17,杭州一小区发生汽车撞人事件,93678
,18,今日俄罗斯知名主持人因俄乌冲突在美失业,80600
,19,梁朝伟是最早的糊弄学大师吧,80062
,20,研究称试管婴儿成年后更幸福,73145
,21,杨紫好会演恋爱中的小女生,剧集 71933
,22,俄发布美在乌生物实验室最新文件研究结果,69228
,23,SOHO物业被罚1.15亿元,64049
,24,距核心现场约十公里发现疑似飞机残骸,62026
,25,藤县一超市店员坚决不收消防员钱,53450
,26,徐正溪周洁琼吻戏好上头,剧集 53236
,27,泸州一农户办酒席食物中毒多人身亡,52360
,28,河北省教育厅最新发布,49505
,29,小猫咪为了约会有多拼,49399
,30,国足点球,45763
,31,16句话回答人为什么要读书,44690
,32,素颜和解,43663
,33,男子喜提新车还没到家就扣完12分,42374
,34,叫嚣给中国教训的人首先要学会接受教训,42331
,35,赵露思且试天下绿衣路透,剧集 41751
,36,莫里森称G20不想和普京坐一起,36224
,37,Doinb,34173
,38,千万不要跟什么样的人谈恋爱,33971
,39,男生女生向前冲报名,综艺 33548
,40,24岁辅警黄浩倒在执勤一线,32917
,41,第一部黑匣子不排除存储单元损坏可能性,32739
,42,外交部再谈乌克兰局势,32229
,43,迪丽热巴眼泪划过泪痣,剧集 31047
,44,松垮小肚腩的逆袭训练,26554
,45,挑衅他国美国第二没有国家敢当第一,26129
,46,国足的拼劲,25309
,47,校方回应本科学院被卖变职业学校,24973
,48,国足vs沙特,22114
,49,当狗狗收到玩偶会怎么样,20942
,50,谷爱凌妈妈是陪伴式教育的天花板吧,18835
,,,
Time,No.,Content,Hotness
2022-03-25 06:30:01,,,
,,民航局开展为期2周行业安全大检查, 
,1,MU5735家属带走一罐现场泥土,1459240
,2,国足1比1沙特,375009
,3,天宫课堂第二课,340592
,4,黑匣子数据下载分析工作正在进行,325179
,5,研究证实新冠病毒是美国公司制造,265715
,6,女子网恋一个月转给男友92万,224177
,7,已基本确定坠机事故主要撞击点,213658
,8,国足球员缅怀空难遇难者,198296
,9,女老板左眼经常跳以为要发财结果竟是病,193605
,10,男子长期戴耳机睡觉左耳听觉丧失,156973
,11,多地出现无人值守外卖小哥补给站,154978
,12,喜糖盒可以有多高级,152623
,13,藤县一超市店员坚决不收消防员钱,147995
,14,朝鲜疑似发射洲际弹道导弹,142461
,15,帕梅拉究竟有多难,142027
,16,于大宝,135811
,17,波兰冻结俄罗斯大使馆银行账户,129992
,18,杭州一小区发生汽车撞人事件,128096
,19,梁朝伟是最早的糊弄学大师吧,101469
,20,今日俄罗斯知名主持人因俄乌冲突在美失业,98866
,21,杨紫好会演恋爱中的小女生,剧集 97578
,22,研究称试管婴儿成年后更幸福,93459
,23,俄发布美在乌生物实验室最新文件研究结果,85107
,24,距核心现场约十公里发现疑似飞机残骸,79112
,25,SOHO物业被罚1.15亿元,76303
,26,徐正溪周洁琼吻戏好上头,剧集 76249
,27,河北省教育厅最新发布,71196
,28,泸州一农户办酒席食物中毒多人身亡,68394
,29,小猫咪为了约会有多拼,66905
,30,16句话回答人为什么要读书,60356
,31,男子喜提新车还没到家就扣完12分,56145
,32,赵露思且试天下绿衣路透,剧集 55777
,33,国足点球,54962
,34,叫嚣给中国教训的人首先要学会接受教训,54935
,35,谷爱凌妈妈是陪伴式教育的天花板吧,51358
,36,素颜和解,49261
,37,外交部再谈乌克兰局势,48709
,38,男生女生向前冲报名,综艺 44078
,39,千万不要跟什么样的人谈恋爱,43663
,40,莫里森称G20不想和普京坐一起,43161
,41,24岁辅警黄浩倒在执勤一线,42621
,42,迪丽热巴眼泪划过泪痣,剧集 41680
,43,Doinb,41404
,44,第一部黑匣子不排除存储单元损坏可能性,40690
,45,当狗狗收到玩偶会怎么样,37328
,46,松垮小肚腩的逆袭训练,33013
,47,挑衅他国美国第二没有国家敢当第一,32688
,48,校方回应本科学院被卖变职业学校,31779
,49,国足的拼劲,29247
,50,国足vs沙特,27677
,,,
Time,No.,Content,Hotness
2022-03-25 06:45:02,,,
,,民航局开展为期2周行业安全大检查, 
,1,MU5735家属带走一罐现场泥土,2143181
,2,国足1比1沙特,529258
,3,天宫课堂第二课,504024
,4,黑匣子数据下载分析工作正在进行,497507
,5,研究证实新冠病毒是美国公司制造,371011
,6,女子网恋一个月转给男友92万,301903
,7,已基本确定坠机事故主要撞击点,301643
,8,国足球员缅怀空难遇难者,287463
,9,女老板左眼经常跳以为要发财结果竟是病,277633
,10,朝鲜疑似发射洲际弹道导弹,226285
,11,藤县一超市店员坚决不收消防员钱,220638
,12,喜糖盒可以有多高级,218292
,13,多地出现无人值守外卖小哥补给站,215073
,14,男子长期戴耳机睡觉左耳听觉丧失,206582
,15,帕梅拉究竟有多难,206383
,16,杭州一小区发生汽车撞人事件,179880
,17,于大宝,171156
,18,波兰冻结俄罗斯大使馆银行账户,163044
,19,梁朝伟是最早的糊弄学大师吧,135823
,20,研究称试管婴儿成年后更幸福,133719
,21,杨紫好会演恋爱中的小女生,剧集 132235
,22,今日俄罗斯知名主持人因俄乌冲突在美失业,124133
,23,谷爱凌妈妈是陪伴式教育的天花板吧,121168
,24,徐正溪周洁琼吻戏好上头,剧集 112445
,25,距核心现场约十公里发现疑似飞机残骸,111619
,26,俄发布美在乌生物实验室最新文件研究结果,107748
,27,河北省教育厅最新发布,102633
,28,SOHO物业被罚1.15亿元,91598
,29,赵露思且试天下绿衣路透,剧集 90691
,30,泸州一农户办酒席食物中毒多人身亡,89862
,31,16句话回答人为什么要读书,80308
,32,小猫咪为了约会有多拼,78024
,33,叫嚣给中国教训的人首先要学会接受教训,72652
,34,男子喜提新车还没到家就扣完12分,72505
,35,国足点球,66312
,36,外交部再谈乌克兰局势,65166
,37,男生女生向前冲报名,综艺 60856
,38,素颜和解,59845
,39,第一部黑匣子不排除存储单元损坏可能性,55362
,40,Doinb,52097
,41,千万不要跟什么样的人谈恋爱,52037
,42,24岁辅警黄浩倒在执勤一线,51973
,43,当狗狗收到玩偶会怎么样,51913
,44,莫里森称G20不想和普京坐一起,51404
,45,松垮小肚腩的逆袭训练,46924
,46,迪丽热巴眼泪划过泪痣,剧集 45114
,47,校方回应本科学院被卖变职业学校,42279
,48,挑衅他国美国第二没有国家敢当第一,41874
,49,国足vs沙特,39360
,50,国足的拼劲,35174
,,,
Time,No.,Content,Hotness
2022-03-25 07:00:01,,,
,,水是生存之本文明之源, 
,1,MU5735家属带走一罐现场泥土,2910924
,2,国足1比1沙特,731640
,3,天宫课堂第二课,688746
,4,黑匣子数据下载分析工作正在进行,665079
,5,藤县一超市店员坚决不收消防员钱,571903
,6,研究证实新冠病毒是美国公司制造,496886
,7,已基本确定坠机事故主要撞击点,477774
,8,女子网恋一个月转给男友92万,394297
,9,国足球员缅怀空难遇难者,382818
,10,女老板左眼经常跳以为要发财结果竟是病,374071
,11,喜糖盒可以有多高级,362408
,12,朝鲜疑似发射洲际弹道导弹,293187
,13,多地出现无人值守外卖小哥补给站,280215
,14,帕梅拉究竟有多难,274395
,15,男子长期戴耳机睡觉左耳听觉丧失,261804
,16,杭州一小区发生汽车撞人事件,247290
,17,于大宝,222064
,18,波兰冻结俄罗斯大使馆银行账户,217985
,19,谷爱凌妈妈是陪伴式教育的天花板吧,206951
,20,研究称试管婴儿成年后更幸福,181317
,21,杨紫好会演恋爱中的小女生,剧集 180034
,22,梁朝伟是最早的糊弄学大师吧,176986
,23,今日俄罗斯知名主持人因俄乌冲突在美失业,153908
,24,距核心现场约十公里发现疑似飞机残骸,153399
,25,徐正溪周洁琼吻戏好上头,剧集 146173
,26,河北省教育厅最新发布,140341
,27,俄发布美在乌生物实验室最新文件研究结果,136626
,28,赵露思且试天下绿衣路透,剧集 123966
,29,泸州一农户办酒席食物中毒多人身亡,118808
,30,SOHO物业被罚1.15亿元,105089
,31,16句话回答人为什么要读书,104453
,32,小猫咪为了约会有多拼,102096
,33,外交部再谈乌克兰局势,95863
,34,男子喜提新车还没到家就扣完12分,94692
,35,男生女生向前冲报名,综艺 85238
,36,叫嚣给中国教训的人首先要学会接受教训,85085
,37,国足点球,84842
,38,纪云禾在仙师府点菜,剧集 84366
,39,第一部黑匣子不排除存储单元损坏可能性,72676
,40,Doinb,69883
,41,素颜和解,69208
,42,24岁辅警黄浩倒在执勤一线,68282
,43,松垮小肚腩的逆袭训练,64193
,44,千万不要跟什么样的人谈恋爱,63878
,45,莫里森称G20不想和普京坐一起,62945
,46,校方回应本科学院被卖变职业学校,56228
,47,迪丽热巴眼泪划过泪痣,剧集 54267
,48,国足的拼劲,51129
,49,挑衅他国美国第二没有国家敢当第一,48496
,50,当狗狗收到玩偶会怎么样,48010
,,,
Time,No.,Content,Hotness
2022-03-25 07:15:01,,,
,,民航局开展为期2周行业安全大检查, 
,1,MU5735家属带走一罐现场泥土,4224939
,2,国足1比1沙特,1048049
,3,天宫课堂第二课,988309
,•,这届爸妈太会了,
,4,藤县一超市店员坚决不收消防员钱,969751
,5,黑匣子数据下载分析工作正在进行,883969
,6,研究证实新冠病毒是美国公司制造,700059
,7,女子网恋一个月转给男友92万,606199
,8,已基本确定坠机事故主要撞击点,597813
,9,女老板左眼经常跳以为要发财结果竟是病,584067
,10,国足球员缅怀空难遇难者,497945
,11,喜糖盒可以有多高级,465663
,12,朝鲜疑似发射洲际弹道导弹,399814
,13,男子长期戴耳机睡觉左耳听觉丧失,379900
,14,帕梅拉究竟有多难,373008
,15,多地出现无人值守外卖小哥补给站,355742
,16,谷爱凌妈妈是陪伴式教育的天花板吧,348176
,17,杭州一小区发生汽车撞人事件,320046
,18,于大宝,286374
,19,波兰冻结俄罗斯大使馆银行账户,269093
,20,研究称试管婴儿成年后更幸福,246565
,21,杨紫好会演恋爱中的小女生,剧集 237843
,22,梁朝伟是最早的糊弄学大师吧,226362
,23,今日俄罗斯知名主持人因俄乌冲突在美失业,217034
,24,河北省教育厅最新发布,206343
,25,距核心现场约十公里发现疑似飞机残骸,199107
,26,徐正溪周洁琼吻戏好上头,剧集 188213
,27,俄发布美在乌生物实验室最新文件研究结果,173293
,28,泸州一农户办酒席食物中毒多人身亡,172929
,29,赵露思且试天下绿衣路透,剧集 164467
,30,男子喜提新车还没到家就扣完12分,143039
,31,SOHO物业被罚1.15亿元,141072
,32,外交部再谈乌克兰局势,137203
,33,小猫咪为了约会有多拼,136675
,34,16句话回答人为什么要读书,132426
,35,男生女生向前冲报名,综艺 119916
,36,纪云禾在仙师府点菜,剧集 118756
,37,叫嚣给中国教训的人首先要学会接受教训,114490
,38,国足点球,107349
,39,千万不要跟什么样的人谈恋爱,106702
,40,Doinb,105543
,41,第一部黑匣子不排除存储单元损坏可能性,98995
,42,素颜和解,98799
,43,24岁辅警黄浩倒在执勤一线,98457
,44,莫里森称G20不想和普京坐一起,82710
,45,迪丽热巴眼泪划过泪痣,剧集 82520
,46,松垮小肚腩的逆袭训练,82103
,47,校方回应本科学院被卖变职业学校,80778
,48,当狗狗收到玩偶会怎么样,77749
,49,国足的拼劲,71491
,50,挑衅他国美国第二没有国家敢当第一,60778
,,,
Time,No.,Content,Hotness
2022-03-25 07:30:01,,,
,,水是生存之本文明之源, 
,1,MU5735家属带走一罐现场泥土,4481197
,2,藤县一超市店员坚决不收消防员钱,1199077
,3,天宫课堂第二课,1088132
,•,庆余年1.5季,
,4,国足1比1沙特,1073981
,5,黑匣子数据下载分析工作正在进行,879279
,6,研究证实新冠病毒是美国公司制造,829139
,7,女子网恋一个月转给男友92万,746458
,8,已基本确定坠机事故主要撞击点,745290
,9,女老板左眼经常跳以为要发财结果竟是病,719507
,10,国足球员缅怀空难遇难者,531283
,11,喜糖盒可以有多高级,525391
,12,男子长期戴耳机睡觉左耳听觉丧失,497086
,13,朝鲜疑似发射洲际弹道导弹,454583
,14,帕梅拉究竟有多难,454242
,15,谷爱凌妈妈是陪伴式教育的天花板吧,450161
,16,杭州一小区发生汽车撞人事件,372071
,17,多地出现无人值守外卖小哥补给站,370814
,18,研究称试管婴儿成年后更幸福,310171
,19,顺德仙姬终于被纪云禾打了,剧集 303869
,20,于大宝,297823
,21,杨紫好会演恋爱中的小女生,剧集 271651
,22,波兰冻结俄罗斯大使馆银行账户,259067
,23,梁朝伟是最早的糊弄学大师吧,259017
,24,距核心现场约十公里发现疑似飞机残骸,236565
,25,今日俄罗斯知名主持人因俄乌冲突在美失业,235949
,26,河北省教育厅最新发布,232041
,27,泸州一农户办酒席食物中毒多人身亡,214450
,28,意大利0比1北马其顿,209950
,29,赵露思且试天下绿衣路透,剧集 197174
,30,男子喜提新车还没到家就扣完12分,174647
,31,SOHO物业被罚1.15亿元,167612
,32,俄发布美在乌生物实验室最新文件研究结果,167580
,33,徐正溪周洁琼吻戏好上头,剧集 167413
,34,男生女生向前冲报名,综艺 161059
,35,外交部再谈乌克兰局势,160982
,36,小猫咪为了约会有多拼,160173
,37,16句话回答人为什么要读书,135398
,38,叫嚣给中国教训的人首先要学会接受教训,134794
,39,千万不要跟什么样的人谈恋爱,132839
,40,Doinb,130790
,41,国足点球,119158
,42,纪云禾在仙师府点菜,剧集 118557
,43,第一部黑匣子不排除存储单元损坏可能性,114558
,44,24岁辅警黄浩倒在执勤一线,112959
,45,素颜和解,106132
,46,葡萄牙3比1土耳其,95773
,47,校方回应本科学院被卖变职业学校,95425
,48,迪丽热巴眼泪划过泪痣,剧集 94419
,49,莫里森称G20不想和普京坐一起,92823
,50,松垮小肚腩的逆袭训练,85425
,,,
Time,No.,Content,Hotness
2022-03-25 07:45:01,,,
,,民航局开展为期2周行业安全大检查, 
,1,MU5735家属带走一罐现场泥土,4549303
,2,藤县一超市店员坚决不收消防员钱,1243293
,3,天宫课堂第二课,1089807
,•,荣耀耳机卷起来了,
,4,研究证实新冠病毒是美国公司制造,1042269
,5,国足1比1沙特,1017439
,6,已基本确定坠机事故主要撞击点,955829
,7,女老板左眼经常跳以为要发财结果竟是病,883502
,8,女子网恋一个月转给男友92万,877338
,9,黑匣子数据下载分析工作正在进行,841223
,10,男子长期戴耳机睡觉左耳听觉丧失,701252
,11,喜糖盒可以有多高级,688931
,12,谷爱凌妈妈是陪伴式教育的天花板吧,572573
,13,朝鲜疑似发射洲际弹道导弹,554002
,14,顺德仙姬终于被纪云禾打了,剧集 513072
,15,国足球员缅怀空难遇难者,482122
,16,多地出现无人值守外卖小哥补给站,425866
,17,帕梅拉究竟有多难,425660
,18,杭州一小区发生汽车撞人事件,413270
,19,研究称试管婴儿成年后更幸福,344832
,20,意大利0比1北马其顿,317568
,21,杨紫好会演恋爱中的小女生,剧集 315690
,22,梁朝伟是最早的糊弄学大师吧,304393
,23,距核心现场约十公里发现疑似飞机残骸,298791
,24,今日俄罗斯知名主持人因俄乌冲突在美失业,290372
,25,山东新增140例本土无症状,269565
,26,河北省教育厅最新发布,266347
,27,波兰冻结俄罗斯大使馆银行账户,265453
,28,于大宝,254153
,29,赵露思且试天下绿衣路透,剧集 250618
,30,泸州一农户办酒席食物中毒多人身亡,244558
,31,男子喜提新车还没到家就扣完12分,224515
,32,SOHO物业被罚1.15亿元,209699
,33,男生女生向前冲报名,综艺 205548
,34,千万不要跟什么样的人谈恋爱,198258
,35,一眼心动的春夏新衣,194422
,36,葡萄牙3比1土耳其,182895
,37,小猫咪为了约会有多拼,181017
,38,Doinb,175631
,39,俄发布美在乌生物实验室最新文件研究结果,174328
,40,纪云禾在仙师府点菜,剧集 171391
,41,16句话回答人为什么要读书,150209
,42,叫嚣给中国教训的人首先要学会接受教训,140667
,43,素颜和解,139876
,44,24岁辅警黄浩倒在执勤一线,129879
,45,第一部黑匣子不排除存储单元损坏可能性,123128
,46,徐正溪周洁琼吻戏好上头,剧集 122736
,47,校方回应本科学院被卖变职业学校,122103
,48,外交部再谈乌克兰局势,119594
,49,迪丽热巴眼泪划过泪痣,剧集 118880
,50,国足点球,116062
,,,
Time,No.,Content,Hotness
2022-03-25 08:00:01,,,
,,民航局开展为期2周行业安全大检查, 
,1,MU5735家属带走一罐现场泥土,4774055
,2,藤县一超市店员坚决不收消防员钱,1415085
,3,天宫课堂第二课,1290523
,4,研究证实新冠病毒是美国公司制造,1225694
,5,已基本确定坠机事故主要撞击点,1173061
,6,女子网恋一个月转给男友92万,1083582
,7,国足1比1沙特,1034428
,8,黑匣子数据下载分析工作正在进行,957697
,9,男子长期戴耳机睡觉左耳听觉丧失,897841
,10,朝鲜疑似发射洲际弹道导弹,742421
,11,女老板左眼经常跳以为要发财结果竟是病,696631
,12,山东新增140例本土无症状,623657
,13,谷爱凌妈妈是陪伴式教育的天花板吧,537274
,14,喜糖盒可以有多高级,504960
,15,国足球员缅怀空难遇难者,450529
,16,杭州一小区发生汽车撞人事件,439648
,17,顺德仙姬终于被纪云禾打了,剧集 439610
,18,多地出现无人值守外卖小哥补给站,423735
,19,研究称试管婴儿成年后更幸福,384677
,20,帕梅拉究竟有多难,375693
,21,杨紫好会演恋爱中的小女生,剧集 372472
,22,距核心现场约十公里发现疑似飞机残骸,357191
,23,意大利0比1北马其顿,345244
,24,梁朝伟是最早的糊弄学大师吧,333139
,25,今日俄罗斯知名主持人因俄乌冲突在美失业,326881
,26,泸州一农户办酒席食物中毒多人身亡,286542
,27,赵露思且试天下绿衣路透,剧集 284411
,28,波兰冻结俄罗斯大使馆银行账户,283494
,29,一眼心动的春夏新衣,279724
,30,河北省教育厅最新发布,277066
,31,男生女生向前冲报名,综艺 270536
,32,滨州新增124例本土无症状,253165
,33,男子喜提新车还没到家就扣完12分,245763
,34,SOHO物业被罚1.15亿元,237417
,35,于大宝,226340
,36,羽绒服收纳小技巧,221441
,37,千万不要跟什么样的人谈恋爱,218241
,38,俄发布美在乌生物实验室最新文件研究结果,210622
,39,葡萄牙3比1土耳其,208129
,40,小猫咪为了约会有多拼,207253
,41,叫嚣给中国教训的人首先要学会接受教训,202436
,42,Doinb,191320
,43,素颜和解,190976
,44,MU5735搜寻72小时全记录,190361
,45,特朗普对希拉里等人提起诉讼,189258
,46,纪云禾在仙师府点菜,剧集 188797
,47,16句话回答人为什么要读书,160555
,48,公孙离,157911
,49,迪丽热巴眼泪划过泪痣,剧集 153233
,50,24岁辅警黄浩倒在执勤一线,141993
,,,
Time,No.,Content,Hotness
2022-03-25 08:15:02,,,
,,民航局开展为期2周行业安全大检查, 
,1,MU5735家属带走一罐现场泥土,5158339
,2,藤县一超市店员坚决不收消防员钱,1472618
,3,天宫课堂第二课,1389082
,•,庆余年1.5季,
,4,研究证实新冠病毒是美国公司制造,1323168
,5,女子网恋一个月转给男友92万,1250070
,6,已基本确定坠机事故主要撞击点,1181708
,•,京城最美赏花地,
,7,男子长期戴耳机睡觉左耳听觉丧失,1027412
,8,国足1比1沙特,959279
,9,黑匣子数据下载分析工作正在进行,942530
,10,山东新增140例本土无症状,867216
,11,女老板左眼经常跳以为要发财结果竟是病,833217
,12,MU5735搜寻72小时全记录,802185
,13,朝鲜疑似发射洲际弹道导弹,714388
,14,喜糖盒可以有多高级,713655
,15,特朗普对希拉里等人提起诉讼,708051
,16,上海新增本土确诊29例,595273
,17,顺德仙姬终于被纪云禾打了,剧集 577527
,18,上海联华超市回应土豆每公斤107.8元,555299
,19,谷爱凌妈妈是陪伴式教育的天花板吧,542099
,20,帕梅拉究竟有多难,507768
,21,国足球员缅怀空难遇难者,445597
,22,杨紫好会演恋爱中的小女生,剧集 433052
,23,杭州一小区发生汽车撞人事件,423674
,24,多地出现无人值守外卖小哥补给站,395511
,25,梁朝伟是最早的糊弄学大师吧,372218
,26,研究称试管婴儿成年后更幸福,372025
,27,意大利0比1北马其顿,371338
,28,男生女生向前冲报名,综艺 361076
,29,距核心现场约十公里发现疑似飞机残骸,341680
,30,赵露思且试天下绿衣路透,剧集 331605
,31,今日俄罗斯知名主持人因俄乌冲突在美失业,327822
,32,滨州新增124例本土无症状,317925
,33,泸州一农户办酒席食物中毒多人身亡,292937
,34,波兰冻结俄罗斯大使馆银行账户,285337
,35,羽绒服收纳小技巧,275886
,36,新蝙蝠侠删除片段,电影 273923
,37,一眼心动的春夏新衣,271038
,38,千万不要跟什么样的人谈恋爱,257961
,39,如何用iPhone原相机拍大片,256935
,40,河北省教育厅最新发布,253292
,41,素颜和解,249932
,42,SOHO物业被罚1.15亿元,248373
,43,男子喜提新车还没到家就扣完12分,248033
,44,小猫咪为了约会有多拼,232414
,45,于大宝,227768
,46,Doinb,218620
,47,公孙离,211697
,48,俄发布美在乌生物实验室最新文件研究结果,209110
,49,纪云禾在仙师府点菜,剧集 199874
,50,16句话回答人为什么要读书,163741
,,,
Time,No.,Content,Hotness
2022-03-25 08:30:01,,,
,,民航局开展为期2周行业安全大检查, 
,1,MU5735家属带走一罐现场泥土,4635747
,2,上海新增本土确诊29例,2433404
,3,天宫课堂第二课,1924258
,•,这届爸妈太会了,
,4,藤县一超市店员坚决不收消防员钱,1447052
,5,已基本确定坠机事故主要撞击点,1407258
,6,研究证实新冠病毒是美国公司制造,1247423
,7,女子网恋一个月转给男友92万,1214615
,8,特朗普对希拉里等人提起诉讼,1177770
,9,男子长期戴耳机睡觉左耳听觉丧失,1058790
,10,国足1比1沙特,874220
,11,MU5735搜寻72小时全记录,860610
,12,上海联华超市回应土豆每公斤107.8元,842801
,13,喜糖盒可以有多高级,833741
,14,黑匣子数据下载分析工作正在进行,823247
,15,山东新增140例本土无症状,704021
,16,女老板左眼经常跳以为要发财结果竟是病,690665
,17,朝鲜疑似发射洲际弹道导弹,651385
,18,如何用iPhone原相机拍大片,480360
,19,顺德仙姬终于被纪云禾打了,剧集 473785
,20,谷爱凌妈妈是陪伴式教育的天花板吧,463989
,21,杨紫好会演恋爱中的小女生,剧集 454641
,22,帕梅拉究竟有多难,445219
,23,朴槿惠在家门口被扔酒瓶,431536
,24,杭州一小区发生汽车撞人事件,406734
,25,梁朝伟是最早的糊弄学大师吧,391355
,26,国足球员缅怀空难遇难者,390467
,27,男生女生向前冲报名,综艺 380217
,28,意大利0比1北马其顿,367996
,29,新蝙蝠侠删除片段,电影 356289
,30,多地出现无人值守外卖小哥补给站,329223
,31,赵露思且试天下绿衣路透,剧集 326985
,32,距核心现场约十公里发现疑似飞机残骸,316203
,33,今日俄罗斯知名主持人因俄乌冲突在美失业,308249
,34,素颜和解,290367
,35,研究称试管婴儿成年后更幸福,286526
,36,波兰冻结俄罗斯大使馆银行账户,285183
,37,泸州一农户办酒席食物中毒多人身亡,280907
,38,千万不要跟什么样的人谈恋爱,272044
,39,河北省教育厅最新发布,267950
,40,黑匣子数据初步读取分析需10至15天,265377
,41,一眼心动的春夏新衣,260898
,42,滨州新增124例本土无症状,259477
,43,张翰张松龄这程度只算浅虐一下,剧集 253599
,44,男子喜提新车还没到家就扣完12分,228031
,45,SOHO物业被罚1.15亿元,223613
,46,小猫咪为了约会有多拼,221340
,47,羽绒服收纳小技巧,218848
,48,Doinb,218515
,49,俄发布美在乌生物实验室最新文件研究结果,211620
,50,中传三试,211184
,,,
Time,No.,Content,Hotness
2022-03-25 08:45:02,,,
,,水是生存之本文明之源, 
,1,MU5735家属带走一罐现场泥土,4499708
,2,上海新增本土确诊29例,3322506
,3,天宫课堂第二课,2418019
,•,3999元起荣耀Magic4开卖,
,4,上海联华超市回应土豆每公斤107.8元,1962687
,5,特朗普对希拉里等人提起诉讼,1355122
,6,已基本确定坠机事故主要撞击点,1265703
,•,现在入手新能源车合适吗,
,7,女子网恋一个月转给男友92万,1261103
,8,藤县一超市店员坚决不收消防员钱,1224130
,9,研究证实新冠病毒是美国公司制造,1169016
,10,男子长期戴耳机睡觉左耳听觉丧失,1043762
,11,MU5735搜寻72小时全记录,1036477
,12,朴槿惠在家门口被扔酒瓶,1033939
,13,上海疫情,1022983
,14,喜糖盒可以有多高级,916166
,15,国足1比1沙特,834377
,16,黑匣子数据下载分析工作正在进行,698775
,17,女老板左眼经常跳以为要发财结果竟是病,697178
,18,山东新增140例本土无症状,672350
,19,如何用iPhone原相机拍大片,662468
,20,顺德仙姬终于被纪云禾打了,剧集 660705
,21,黑匣子数据初步读取分析需10至15天,653971
,22,朝鲜疑似发射洲际弹道导弹,646498
,23,帕梅拉究竟有多难,580794
,24,杨紫好会演恋爱中的小女生,剧集 477946
,25,意大利连续两届无缘世界杯,464945
,26,中传三试,424781
,27,梁朝伟是最早的糊弄学大师吧,392532
,28,男生女生向前冲报名,综艺 390298
,29,杭州一小区发生汽车撞人事件,390071
,30,谷爱凌妈妈是陪伴式教育的天花板吧,369764
,31,赵露思且试天下绿衣路透,剧集 353747
,32,波兰冻结俄罗斯大使馆银行账户,345179
,33,新蝙蝠侠删除片段,电影 338953
,34,素颜和解,338410
,35,意大利0比1北马其顿,321271
,36,国足球员缅怀空难遇难者,301865
,37,张翰张松龄这程度只算浅虐一下,剧集 293734
,38,多地出现无人值守外卖小哥补给站,270409
,39,今日俄罗斯知名主持人因俄乌冲突在美失业,267435
,40,距核心现场约十公里发现疑似飞机残骸,262084
,41,一眼心动的春夏新衣,260747
,42,千万不要跟什么样的人谈恋爱,260387
,43,泸州一农户办酒席食物中毒多人身亡,248206
,44,河北省教育厅最新发布,237530
,45,小猫咪为了约会有多拼,234014
,46,男子喜提新车还没到家就扣完12分,231612
,47,Doinb,224072
,48,研究称试管婴儿成年后更幸福,221399
,49,辽宁新增本土无症状180例,219781
,50,SOHO物业被罚1.15亿元,218676
,,,
Time,No.,Content,Hotness
2022-03-25 09:00:02,,,
,,民航局开展为期2周行业安全大检查, 
,1,MU5735家属带走一罐现场泥土,4085187
,2,上海新增本土确诊29例,3771969
,3,天宫课堂第二课,2155114
,4,MU5735搜寻72小时全记录,2154764
,5,上海联华超市回应土豆每公斤107.8元,1855616
,6,特朗普对希拉里等人提起诉讼,1278271
,7,女子网恋一个月转给男友92万,1233623
,8,已基本确定坠机事故主要撞击点,1163013
,9,藤县一超市店员坚决不收消防员钱,972480
,10,研究证实新冠病毒是美国公司制造,935196
,11,朴槿惠在家门口被扔酒瓶,932461
,12,上海疫情,918317
,13,黑匣子数据初步读取分析需10至15天,900933
,14,男子长期戴耳机睡觉左耳听觉丧失,874499
,15,喜糖盒可以有多高级,857042
,16,意大利连续两届无缘世界杯,787595
,17,国足1比1沙特,704304
,18,如何用iPhone原相机拍大片,684004
,19,女老板左眼经常跳以为要发财结果竟是病,615377
,20,山东新增140例本土无症状,563979
,21,中传三试,558452
,22,顺德仙姬终于被纪云禾打了,剧集 556727
,23,朝鲜疑似发射洲际弹道导弹,550473
,24,黑匣子数据下载分析工作正在进行,504127
,25,帕梅拉究竟有多难,482130
,26,杨紫好会演恋爱中的小女生,剧集 481989
,27,廊坊新增229例本土无症状,371072
,28,素颜和解,369064
,29,男生女生向前冲报名,综艺 362071
,30,杭州一小区发生汽车撞人事件,346669
,31,上海网格化核酸应检未检人员将被赋黄码,342695
,32,梁朝伟是最早的糊弄学大师吧,336106
,33,波兰冻结俄罗斯大使馆银行账户,326175
,34,谷爱凌妈妈是陪伴式教育的天花板吧,323569
,35,张翰张松龄这程度只算浅虐一下,剧集 303708
,36,新蝙蝠侠删除片段,电影 279922
,37,白展堂是江湖百科全书吧,剧集 276366
,38,赵露思且试天下绿衣路透,剧集 274544
,39,辽宁新增本土无症状180例,274005
,40,一眼心动的春夏新衣,271913
,41,意大利0比1北马其顿,260168
,42,千万不要跟什么样的人谈恋爱,258588
,43,国足球员缅怀空难遇难者,254516
,44,今日俄罗斯知名主持人因俄乌冲突在美失业,235329
,45,小猫咪为了约会有多拼,233026
,46,Doinb,225672
,47,你如何评价国足战平沙特,221653
,48,泸州一农户办酒席食物中毒多人身亡,215989
,49,男子喜提新车还没到家就扣完12分,210067
,50,距核心现场约十公里发现疑似飞机残骸,208803
,,,
Time,No.,Content,Hotness
2022-03-25 09:15:02,,,
,,水是生存之本文明之源, 
,1,MU5735家属带走一罐现场泥土,3775508
,2,上海新增本土确诊29例,3531606
,3,天宫课堂第二课,1997844
,•,3999元起荣耀Magic4开卖,
,4,黑匣子数据初步读取分析需10至15天,1962241
,5,上海联华超市回应土豆每公斤107.8元,1909542
,6,朴槿惠在家门口被扔酒瓶,1568169
,•,电影月球陨落上映,
,7,MU5735搜寻72小时全记录,1400174
,8,女子网恋一个月转给男友92万,1216022
,9,特朗普对希拉里等人提起诉讼,1134726
,10,意大利连续两届无缘世界杯,950205
,11,上海疫情,905349
,12,已基本确定坠机事故主要撞击点,844237
,13,喜糖盒可以有多高级,836651
,14,藤县一超市店员坚决不收消防员钱,767616
,15,研究证实新冠病毒是美国公司制造,759915
,16,男子长期戴耳机睡觉左耳听觉丧失,696056
,17,如何用iPhone原相机拍大片,671172
,18,国足1比1沙特,614462
,19,顺德仙姬终于被纪云禾打了,剧集 582746
,20,特朗普说我是总统的话就派核潜艇威胁俄,573172
,21,中传三试,529203
,22,女老板左眼经常跳以为要发财结果竟是病,498843
,23,朝鲜疑似发射洲际弹道导弹,484048
,24,白展堂是江湖百科全书吧,剧集 471886
,25,吉林新增1110例本土确诊,471828
,26,帕梅拉究竟有多难,471331
,27,廊坊新增229例本土无症状,460971
,28,杨紫好会演恋爱中的小女生,剧集 444100
,29,山东新增140例本土无症状,435162
,30,吉林新增900例本土无症状,426786
,31,王嘉尔朴宰范同框跳舞,音乐 411387
,32,素颜和解,371161
,33,黑匣子数据下载分析工作正在进行,357679
,34,男生女生向前冲报名,综艺 335413
,35,河北新增24例确诊288例无症状,327202
,36,张翰张松龄这程度只算浅虐一下,剧集 317293
,37,杭州一小区发生汽车撞人事件,291041
,38,波兰冻结俄罗斯大使馆银行账户,286870
,39,梁朝伟是最早的糊弄学大师吧,285929
,40,谷爱凌妈妈是陪伴式教育的天花板吧,250737
,41,一眼心动的春夏新衣,243607
,42,赵露思且试天下绿衣路透,剧集 243573
,43,新蝙蝠侠删除片段,电影 243510
,44,泰安疫情,238332
,45,千万不要跟什么样的人谈恋爱,234427
,46,意大利0比1北马其顿,229914
,47,你如何评价国足战平沙特,218945
,48,小猫咪为了约会有多拼,209095
,49,国足球员缅怀空难遇难者,198240
,50,Doinb,169218
,,,
Time,No.,Content,Hotness
2022-03-25 09:30:02,,,
,,水是生存之本文明之源, 
,1,MU5735家属带走一罐现场泥土,3601611
,2,上海新增本土确诊29例,3132148
,3,天宫课堂第二课,2531168
,4,黑匣子数据初步读取分析需10至15天,2258036
,5,上海联华超市回应土豆每公斤107.8元,1800074
,6,吉林新增1110例本土确诊,1545331
,•,现在入手新能源车合适吗,
,7,MU5735搜寻72小时全记录,1498089
,8,朴槿惠在家门口被扔酒瓶,1433515
,9,女子网恋一个月转给男友92万,1127803
,10,特朗普对希拉里等人提起诉讼,960279
,11,上海疫情,948812
,12,喜糖盒可以有多高级,926810
,13,特朗普说我是总统的话就派核潜艇威胁俄,883704
,14,意大利连续两届无缘世界杯,808060
,15,已基本确定坠机事故主要撞击点,767912
,16,如何用iPhone原相机拍大片,656768
,17,男子长期戴耳机睡觉左耳听觉丧失,570380
,18,藤县一超市店员坚决不收消防员钱,562099
,19,国足1比1沙特,554354
,20,吉林新增900例本土无症状,547563
,21,中传三试,538405
,22,帕梅拉究竟有多难,523895
,23,白展堂是江湖百科全书吧,剧集 487402
,24,朝鲜疑似发射洲际弹道导弹,443573
,25,顺德仙姬终于被纪云禾打了,剧集 430088
,26,杨紫好会演恋爱中的小女生,剧集 409396
,27,廊坊新增229例本土无症状,400484
,28,女老板左眼经常跳以为要发财结果竟是病,373823
,29,山东新增140例本土无症状,339782
,30,男生女生向前冲报名,综艺 306015
,31,王嘉尔朴宰范同框跳舞,音乐 305916
,32,素颜和解,296462
,33,与君初相识,剧集 282998
,34,黑匣子数据下载分析工作正在进行,264559
,35,张翰张松龄这程度只算浅虐一下,剧集 263869
,36,杭州一小区发生汽车撞人事件,263074
,37,忘拔充电器竟把家烧了,249532
,38,赵露思且试天下绿衣路透,剧集 247055
,39,波兰冻结俄罗斯大使馆银行账户,242616
,40,新蝙蝠侠删除片段,电影 231938
,41,千万不要跟什么样的人谈恋爱,231904
,42,谷爱凌妈妈是陪伴式教育的天花板吧,231665
,43,一眼心动的春夏新衣,217571
,44,梁朝伟是最早的糊弄学大师吧,214641
,45,研究证实新冠病毒是美国公司制造,210109
,46,你如何评价国足战平沙特,200182
,47,小猫咪为了约会有多拼,200074
,48,吉林疫情,200049
,49,意大利0比1北马其顿,199327
,50,卖菜老夫妻收到百元假钞泪流不止,154994
,,,
Time,No.,Content,Hotness
2022-03-25 09:45:01,,,
,,水是生存之本文明之源, 
,1,MU5735家属带走一罐现场泥土,3301955
,2,上海新增本土确诊29例,2801073
,3,天宫课堂第二课,2350444
,•,庆余年1.5季,
,4,黑匣子数据初步读取分析需10至15天,2245884
,5,上海联华超市回应土豆每公斤107.8元,1618330
,6,吉林新增1110例本土确诊,1447094
,7,MU5735搜寻72小时全记录,1376023
,8,朴槿惠在家门口被扔酒瓶,1363947
,9,忘拔充电器竟把家烧了,1186841
,10,女子网恋一个月转给男友92万,981906
,11,特朗普说我是总统的话就派核潜艇威胁俄,974955
,12,上海疫情,967716
,13,喜糖盒可以有多高级,881889
,14,意大利连续两届无缘世界杯,750687
,15,特朗普对希拉里等人提起诉讼,722350
,16,上海新增1580例无症状,722043
,17,已基本确定坠机事故主要撞击点,596027
,18,如何用iPhone原相机拍大片,561823
,19,帕梅拉究竟有多难,537150
,20,男子长期戴耳机睡觉左耳听觉丧失,508328
,21,中传三试,479164
,22,白展堂是江湖百科全书吧,剧集 467994
,23,国足1比1沙特,448108
,24,吉林新增900例本土无症状,438146
,25,藤县一超市店员坚决不收消防员钱,431615
,26,顺德仙姬终于被纪云禾打了,剧集 402910
,27,朝鲜疑似发射洲际弹道导弹,391868
,28,杨紫好会演恋爱中的小女生,剧集 380843
,29,廊坊新增229例本土无症状,335356
,30,素颜和解,334983
,31,王嘉尔朴宰范同框跳舞,音乐 333000
,32,卖菜老夫妻收到百元假钞泪流不止,330435
,33,俄将对美资助乌生物实验室立案,327035
,34,男生女生向前冲报名,综艺 282145
,35,山东新增140例本土无症状,270946
,36,千万不要跟什么样的人谈恋爱,266887
,37,与君初相识,剧集 251058
,38,杭州一小区发生汽车撞人事件,225234
,39,女老板左眼经常跳以为要发财结果竟是病,223660
,40,新蝙蝠侠删除片段,电影 219495
,41,波兰冻结俄罗斯大使馆银行账户,216301
,42,赵露思且试天下绿衣路透,剧集 214850
,43,黑匣子数据下载分析工作正在进行,201060
,44,谷爱凌妈妈是陪伴式教育的天花板吧,199254
,45,梁朝伟是最早的糊弄学大师吧,194105
,46,你如何评价国足战平沙特,180911
,47,意大利0比1北马其顿,175420
,48,张翰张松龄这程度只算浅虐一下,剧集 175168
,49,一眼心动的春夏新衣,174150
,50,靖江疫情,158864
,,,
Time,No.,Content,Hotness
2022-03-25 10:00:01,,,
,,水是生存之本文明之源, 
,1,MU5735家属带走一罐现场泥土,2977858
,2,上海新增本土确诊29例,2470606
,3,天宫课堂第二课,2439905
,4,忘拔充电器竟把家烧了,2424997
,5,黑匣子数据初步读取分析需10至15天,2167565
,6,上海联华超市回应土豆每公斤107.8元,1356825
,•,京城最美赏花地,
,7,吉林新增1110例本土确诊,1265214
,8,朴槿惠在家门口被扔酒瓶,1168849
,9,MU5735搜寻72小时全记录,1071435
,10,女子网恋一个月转给男友92万,887540
,11,特朗普说我是总统的话就派核潜艇威胁俄,859253
,12,上海新增1580例无症状,823666
,13,24周孕妇吃不洁食物产下巴掌宝宝,757974
,14,意大利连续两届无缘世界杯,661730
,15,上海疫情,629773
,16,喜糖盒可以有多高级,622285
,17,俄将对美资助乌生物实验室立案,576268
,18,特朗普对希拉里等人提起诉讼,559797
,19,卖菜老夫妻收到百元假钞泪流不止,556791
,20,帕梅拉究竟有多难,507438
,21,如何用iPhone原相机拍大片,489227
,22,白展堂是江湖百科全书吧,剧集 472724
,23,已基本确定坠机事故主要撞击点,468814
,24,中传三试,454137
,25,男子长期戴耳机睡觉左耳听觉丧失,389802
,26,国足1比1沙特,375210
,27,吉林新增900例本土无症状,348588
,28,杨紫好会演恋爱中的小女生,剧集 348096
,29,顺德仙姬终于被纪云禾打了,剧集 343738
,30,藤县一超市店员坚决不收消防员钱,334329
,31,王嘉尔朴宰范同框跳舞,音乐 334119
,32,3月24日新增本土无症状3489例,333018
,33,朝鲜疑似发射洲际弹道导弹,331629
,34,素颜和解,325333
,35,廊坊新增229例本土无症状,297106
,36,长意说岸上全是假意并无真心,剧集 289240
,37,靖江疫情,278327
,38,男生女生向前冲报名,综艺 269010
,39,去年75位大爷骑行超两万五千里,258562
,40,赵露思且试天下绿衣路透,剧集 235241
,41,山东新增140例本土无症状,214809
,42,杭州一小区发生汽车撞人事件,183723
,43,千万不要跟什么样的人谈恋爱,183237
,44,新蝙蝠侠删除片段,电影 176760
,45,波兰冻结俄罗斯大使馆银行账户,173693
,46,梁朝伟是最早的糊弄学大师吧,172068
,47,谷爱凌妈妈是陪伴式教育的天花板吧,168910
,48,你如何评价国足战平沙特,166458
,49,女老板左眼经常跳以为要发财结果竟是病,164711
,50,山西6人因顶替核酸检测被拘留,160519
,,,
Time,No.,Content,Hotness
2022-03-25 10:15:01,,,
,,民航局开展为期2周行业安全大检查, 
,1,MU5735家属带走一罐现场泥土,2720785
,2,忘拔充电器竟把家烧了,2652510
,3,天宫课堂第二课,2483379
,4,24周孕妇吃不洁食物产下巴掌宝宝,2435406
,5,黑匣子数据初步读取分析需10至15天,2045125
,6,上海新增本土确诊29例,2019043
,•,电影月球陨落上映,
,7,上海联华超市回应土豆每公斤107.8元,1329883
,8,吉林新增1110例本土确诊,1104771
,9,朴槿惠在家门口被扔酒瓶,910776
,10,MU5735搜寻72小时全记录,821602
,11,特朗普说我是总统的话就派核潜艇威胁俄,813529
,12,上海新增1580例无症状,811262
,13,女子网恋一个月转给男友92万,796652
,14,卖菜老夫妻收到百元假钞泪流不止,672334
,15,上海疫情,647457
,16,喜糖盒可以有多高级,641485
,17,俄将对美资助乌生物实验室立案,576626
,18,意大利连续两届无缘世界杯,547778
,19,帕梅拉究竟有多难,500056
,20,如何用iPhone原相机拍大片,419108
,21,白展堂是江湖百科全书吧,剧集 412499
,22,已基本确定坠机事故主要撞击点,404669
,23,特朗普对希拉里等人提起诉讼,387411
,24,男子长期戴耳机睡觉左耳听觉丧失,362230
,25,中传三试,362109
,26,杨紫好会演恋爱中的小女生,剧集 337798
,27,国足1比1沙特,319856
,28,结婚四年的夫妻分工,317513
,29,素颜和解,314942
,30,朝鲜疑似发射洲际弹道导弹,298137
,31,王嘉尔朴宰范同框跳舞,音乐 297938
,32,顺德仙姬终于被纪云禾打了,剧集 297896
,33,靖江疫情,297456
,34,藤县一超市店员坚决不收消防员钱,286950
,35,长意说岸上全是假意并无真心,剧集 283982
,36,吉林新增900例本土无症状,279799
,37,去年75位大爷骑行超两万五千里,257216
,38,男生女生向前冲报名,综艺 252272
,39,廊坊新增229例本土无症状,245607
,40,赵露思且试天下绿衣路透,剧集 232449
,41,山西6人因顶替核酸检测被拘留,212807
,42,山东新增140例本土无症状,186700
,43,千万不要跟什么样的人谈恋爱,183737
,44,你如何评价国足战平沙特,177792
,45,杭州一小区发生汽车撞人事件,158709
,46,梁朝伟是最早的糊弄学大师吧,158656
,47,新蝙蝠侠删除片段,电影 157649
,48,谷爱凌妈妈是陪伴式教育的天花板吧,156200
,49,波兰冻结俄罗斯大使馆银行账户,155309
,50,与青龙寺樱花的约定,151289
,,,
Time,No.,Content,Hotness
2022-03-25 10:30:01,,,
,,水是生存之本文明之源, 
,1,第二个黑匣子找到,4373090
,2,MU5735家属带走一罐现场泥土,3268467
,3,天宫课堂第二课,3267359
,4,24周孕妇吃不洁食物产下巴掌宝宝,3266890
,5,黑匣子数据初步读取分析需10至15天,2947425
,6,忘拔充电器竟把家烧了,2923298
,7,上海新增本土确诊29例,1531057
,8,上海联华超市回应土豆每公斤107.8元,1180859
,9,吉林新增1110例本土确诊,951055
,10,MU5735搜寻72小时全记录,897102
,11,特朗普说我是总统的话就派核潜艇威胁俄,895253
,12,上海新增1580例无症状,874187
,13,卖菜老夫妻收到百元假钞泪流不止,843329
,14,朴槿惠在家门口被扔酒瓶,772245
,15,东方医院回应护士因哮喘离世,744748
,16,喜糖盒可以有多高级,701546
,17,女子网恋一个月转给男友92万,676236
,18,上海疫情,672563
,19,结婚四年的夫妻分工,654761
,20,俄将对美资助乌生物实验室立案,560039
,21,已基本确定坠机事故主要撞击点,483671
,22,帕梅拉究竟有多难,465056
,23,宋亚轩一起等雨停剧照,剧集 452071
,24,意大利连续两届无缘世界杯,451377
,25,原来是老师啊定档0401,剧集 381865
,26,俄称美在乌军人身上测试未注册医用制剂,378815
,27,白展堂是江湖百科全书吧,剧集 375853
,28,如何用iPhone原相机拍大片,346015
,29,靖江疫情,343014
,30,中传三试,333378
,31,王嘉尔朴宰范同框跳舞,音乐 325696
,32,特朗普对希拉里等人提起诉讼,314121
,33,素颜和解,304434
,34,男子长期戴耳机睡觉左耳听觉丧失,302366
,35,国足1比1沙特,266769
,36,顺德仙姬终于被纪云禾打了,剧集 266760
,37,男生女生向前冲报名,综艺 265543
,38,长意说岸上全是假意并无真心,剧集 264620
,39,庆余年手游,257010
,40,吉林新增900例本土无症状,247167
,41,藤县一超市店员坚决不收消防员钱,244377
,42,与青龙寺樱花的约定,235357
,43,朝鲜疑似发射洲际弹道导弹,221827
,44,赵露思且试天下绿衣路透,剧集 209397
,45,廊坊新增229例本土无症状,208685
,46,泰安发现4例新冠病毒阳性感染者,185239
,47,千万不要跟什么样的人谈恋爱,184617
,48,山东新增140例本土无症状,176152
,49,你如何评价国足战平沙特,174222
,50,女子被困雪山3天双脚发黑险截肢,155375
,,,
Time,No.,Content,Hotness
2022-03-25 10:45:01,,,
,,水是生存之本文明之源, 
,1,第二个黑匣子找到,17752705
,2,MU5735家属带走一罐现场泥土,2747439
,3,天宫课堂第二课,2703940
,•,庆余年1.5季,
,4,24周孕妇吃不洁食物产下巴掌宝宝,2694498
,5,东方医院回应护士因哮喘离世,2666502
,6,忘拔充电器竟把家烧了,2431243
,7,黑匣子数据初步读取分析需10至15天,2159198
,8,卖菜老夫妻收到百元假钞泪流不止,1116859
,9,上海联华超市回应土豆每公斤107.8元,973557
,10,结婚四年的夫妻分工,830496
,11,特朗普说我是总统的话就派核潜艇威胁俄,829283
,12,上海新增1580例无症状,816825
,13,吉林新增1110例本土确诊,788055
,14,MU5735搜寻72小时全记录,653365
,15,上海疫情,650308
,16,喜糖盒可以有多高级,647667
,17,俄称美在乌军人身上测试未注册医用制剂,636930
,18,上海新增本土确诊29例,633574
,19,朴槿惠在家门口被扔酒瓶,627498
,20,女子网恋一个月转给男友92万,626783
,21,原来是老师啊定档0401,剧集 576570
,22,宋亚轩一起等雨停剧照,剧集 497311
,23,俄将对美资助乌生物实验室立案,469527
,24,帕梅拉究竟有多难,426638
,25,意大利连续两届无缘世界杯,385346
,26,余生请多指教,剧集 357963
,27,靖江疫情,354954
,28,白展堂是江湖百科全书吧,剧集 339091
,29,已基本确定坠机事故主要撞击点,317619
,30,庆余年手游,298901
,31,王嘉尔朴宰范同框跳舞,音乐 295409
,32,长意说岸上全是假意并无真心,剧集 290454
,33,素颜和解,279722
,34,如何用iPhone原相机拍大片,268296
,35,你可以叫我扫码的但不能叫我胖闺女,267417
,36,女子被困雪山3天双脚发黑险截肢,266093
,37,与青龙寺樱花的约定,258848
,38,中传三试,254167
,39,男子长期戴耳机睡觉左耳听觉丧失,251093
,40,特朗普对希拉里等人提起诉讼,250646
,41,顺德仙姬终于被纪云禾打了,剧集 248409
,42,国足1比1沙特,226959
,43,男生女生向前冲报名,综艺 219190
,44,吉林新增900例本土无症状,215386
,45,藤县一超市店员坚决不收消防员钱,212383
,46,赵露思且试天下绿衣路透,剧集 195942
,47,朝鲜疑似发射洲际弹道导弹,190388
,48,廊坊新增229例本土无症状,176608
,49,千万不要跟什么样的人谈恋爱,175428
,50,边吃饭边喝水到底好不好,171669
,,,
Time,No.,Content,Hotness
2022-03-25 11:00:01,,,
,,民航局开展为期2周行业安全大检查, 
,1,目前还未找到第二部黑匣子,13194414
,2,东方医院回应护士因哮喘离世,3540383
,3,天宫课堂第二课,3302605
,4,24周孕妇吃不洁食物产下巴掌宝宝,3145063
,5,忘拔充电器竟把家烧了,2298122
,6,MU5735家属带走一罐现场泥土,2277662
,7,卖菜老夫妻收到百元假钞泪流不止,1287966
,8,上海联华超市回应土豆每公斤107.8元,977684
,9,黑匣子数据初步读取分析需10至15天,939715
,10,结婚四年的夫妻分工,889417
,11,特朗普说我是总统的话就派核潜艇威胁俄,808002
,12,上海新增1580例无症状,771044
,13,俄称美在乌军人身上测试未注册医用制剂,717823
,14,吉林新增1110例本土确诊,607909
,15,喜糖盒可以有多高级,605601
,16,上海疫情,605295
,17,原来是老师啊定档0401,剧集 600709
,18,女子网恋一个月转给男友92万,570990
,19,上海新增本土确诊29例,568176
,20,MU5735搜寻72小时全记录,554313
,21,顾魏穿情侣衫去见情敌,剧集 541257
,22,朴槿惠在家门口被扔酒瓶,508555
,23,女子被困雪山3天双脚发黑险截肢,505211
,24,宋亚轩一起等雨停剧照,剧集 470717
,25,俄将对美资助乌生物实验室立案,410477
,26,帕梅拉究竟有多难,407287
,27,靖江疫情,344837
,28,意大利连续两届无缘世界杯,340402
,29,边吃饭边喝水到底好不好,302829
,30,素颜和解,293380
,31,王嘉尔朴宰范同框跳舞,音乐 290491
,32,白展堂是江湖百科全书吧,剧集 274632
,33,庆余年手游,267538
,34,长意说岸上全是假意并无真心,剧集 258732
,35,已基本确定坠机事故主要撞击点,253814
,36,如何用iPhone原相机拍大片,244287
,37,中传三试,239408
,38,特朗普对希拉里等人提起诉讼,232081
,39,与青龙寺樱花的约定,222584
,40,男子长期戴耳机睡觉左耳听觉丧失,222353
,41,顺德仙姬终于被纪云禾打了,剧集 215775
,42,国足1比1沙特,209246
,43,吉林新增900例本土无症状,195853
,44,男生女生向前冲报名,综艺 193234
,45,藤县一超市店员坚决不收消防员钱,186978
,46,为了备考你做过哪些努力,179294
,47,千万不要跟什么样的人谈恋爱,177211
,48,廊坊新增229例本土无症状,176069
,49,102岁老兵病床上叮嘱孙女交党费,174360
,50,赵露思且试天下绿衣路透,剧集 173936
,,,
Time,No.,Content,Hotness
2022-03-25 11:30:01,,,
,,民航局开展为期2周行业安全大检查, 
,1,目前还未找到第二部黑匣子,10281232
,2,东方医院回应护士因哮喘离世,3546679
,3,天宫课堂第二课,2964584
,4,24周孕妇吃不洁食物产下巴掌宝宝,2878702
,5,忘拔充电器竟把家烧了,1755331
,6,MU5735家属带走一罐现场泥土,1721485
,•,电影月球陨落上映,
,7,卖菜老夫妻收到百元假钞泪流不止,1101593
,8,当地通报4人参加丧事误食燃料死亡,1025150
,9,黑匣子数据初步读取分析需10至15天,947565
,10,结婚四年的夫妻分工,865993
,11,特朗普说我是总统的话就派核潜艇威胁俄,842255
,12,上海新增1580例无症状,809022
,13,俄称美在乌军人身上测试未注册医用制剂,729274
,14,上海联华超市回应土豆每公斤107.8元,706019
,15,上海疫情,705682
,16,女子被困雪山3天双脚发黑险截肢,703024
,17,女生食堂买饭遇兼职舍友被疯狂投喂,635805
,18,喜糖盒可以有多高级,529116
,19,原来是老师啊定档0401,剧集 453368
,20,女子网恋一个月转给男友92万,437615
,21,顾魏穿情侣衫去见情敌,剧集 436637
,22,上海新增本土确诊29例,414629
,23,边吃饭边喝水到底好不好,411778
,24,吉林新增1110例本土确诊,388074
,25,上海要求保障群众急救需求,371843
,26,MU5735搜寻72小时全记录,349544
,27,朴槿惠在家门口被扔酒瓶,343855
,28,帕梅拉究竟有多难,337688
,29,宋亚轩一起等雨停剧照,剧集 334184
,30,与君初相识里的伏笔,剧集 328499
,31,为了备考你做过哪些努力,281776
,32,意大利连续两届无缘世界杯,277822
,33,WINTER宁艺卓将演唱我们的蓝调OST,剧集 274910
,34,王嘉尔朴宰范同框跳舞,音乐 271165
,35,庆余年手游,254956
,36,靖江疫情,240060
,37,俄将对美资助乌生物实验室立案,238845
,38,102岁老兵病床上叮嘱孙女交党费,221942
,39,追爱家族定档0327,剧集 193151
,40,素颜和解,190598
,41,与青龙寺樱花的约定,186315
,42,长意说岸上全是假意并无真心,剧集 186257
,43,特朗普对希拉里等人提起诉讼,184188
,44,白展堂是江湖百科全书吧,剧集 180625
,45,如何用iPhone原相机拍大片,164693
,46,国足1比1沙特,163514
,47,中传三试,161985
,48,男子长期戴耳机睡觉左耳听觉丧失,160349
,49,3月24日新增确诊1366例,155759
,50,顺德仙姬终于被纪云禾打了,剧集 149270
,,,
Time,No.,Content,Hotness
2022-03-25 11:45:01,,,
,,民航局开展为期2周行业安全大检查, 
,1,目前还未找到第二部黑匣子,7974018
,2,东方医院回应护士因哮喘离世,3183731
,3,天宫课堂第二课,2796794
,•,李玮锋复盘国足,
,4,24周孕妇吃不洁食物产下巴掌宝宝,2675870
,5,忘拔充电器竟把家烧了,1546473
,6,MU5735家属带走一罐现场泥土,1428549
,7,当地通报4人参加丧事误食燃料死亡,1232741
,8,卖菜老夫妻收到百元假钞泪流不止,964160
,9,黑匣子数据初步读取分析需10至15天,928952
,10,女生食堂买饭遇兼职舍友被疯狂投喂,828890
,11,特朗普说我是总统的话就派核潜艇威胁俄,813278
,12,上海新增1580例无症状,803193
,13,结婚四年的夫妻分工,704400
,14,女子被困雪山3天双脚发黑险截肢,647781
,15,上海疫情,647286
,16,俄称美在乌军人身上测试未注册医用制剂,644954
,17,上海联华超市回应土豆每公斤107.8元,563064
,18,月薪三千应该感到满足吗,535507
,19,上海要求保障群众急救需求,516268
,20,原来是老师啊定档0401,剧集 468495
,21,顾魏穿情侣衫去见情敌,剧集 468340
,22,抛抛蔡,468151
,23,喜糖盒可以有多高级,467897
,24,WINTER宁艺卓将演唱我们的蓝调OST,剧集 447119
,25,边吃饭边喝水到底好不好,384611
,26,女子网恋一个月转给男友92万,369389
,27,梁靖康孙千说星期五终于来了,剧集 348641
,28,吉林新增1110例本土确诊,329492
,29,朴槿惠在家门口被扔酒瓶,301264
,30,上海新增本土确诊29例,298533
,31,帕梅拉究竟有多难,297733
,32,与君初相识里的伏笔,剧集 293231
,33,宋亚轩一起等雨停剧照,剧集 292129
,34,MU5735搜寻72小时全记录,283317
,35,德云社节目单,258748
,36,为了备考你做过哪些努力,248175
,37,意大利连续两届无缘世界杯,240687
,38,Lisa香港芭莎四月刊封面,240389
,39,庆余年手游,224786
,40,王嘉尔朴宰范同框跳舞,音乐 219134
,41,102岁老兵病床上叮嘱孙女交党费,210315
,42,素颜和解,205331
,43,俄将对美资助乌生物实验室立案,205294
,44,特朗普对希拉里等人提起诉讼,186076
,45,靖江疫情,179274
,46,与青龙寺樱花的约定,169939
,47,中传三试,147469
,48,如何用iPhone原相机拍大片,145241
,49,白展堂是江湖百科全书吧,剧集 139344
,50,长意说岸上全是假意并无真心,剧集 138298
,,,
Time,No.,Content,Hotness
2022-03-25 12:00:01,,,
,,民航局开展为期2周行业安全大检查, 
,1,目前还未找到第二部黑匣子,7408226
,2,东方医院回应护士因哮喘离世,3158438
,3,天宫课堂第二课,2686218
,4,24周孕妇吃不洁食物产下巴掌宝宝,2540516
,5,当地通报4人参加丧事误食燃料死亡,1701505
,6,忘拔充电器竟把家烧了,1433155
,•,电影月球陨落上映,
,7,MU5735家属带走一罐现场泥土,1289823
,8,卖菜老夫妻收到百元假钞泪流不止,997205
,9,女生食堂买饭遇兼职舍友被疯狂投喂,861970
,10,黑匣子数据初步读取分析需10至15天,832946
,11,月薪三千应该感到满足吗,799732
,12,特朗普说我是总统的话就派核潜艇威胁俄,755070
,13,上海疫情,685548
,14,女子被困雪山3天双脚发黑险截肢,680140
,15,Lisa香港芭莎四月刊封面,581437
,16,上海新增1580例无症状,570932
,17,结婚四年的夫妻分工,560402
,18,俄称美在乌军人身上测试未注册医用制剂,524074
,19,上海联华超市回应土豆每公斤107.8元,506687
,20,洁婷,499309
,21,顾魏穿情侣衫去见情敌,剧集 493094
,22,抛抛蔡,490064
,23,上海要求保障群众急救需求,480181
,24,喜糖盒可以有多高级,396815
,25,WINTER宁艺卓将演唱我们的蓝调OST,剧集 395867
,26,边吃饭边喝水到底好不好,355371
,27,梁靖康孙千说星期五终于来了,剧集 350355
,28,原来是老师啊定档0401,剧集 311334
,29,女子网恋一个月转给男友92万,303029
,30,吉林新增1110例本土确诊,292637
,31,帕梅拉究竟有多难,274454
,32,德云社节目单,273446
,33,贾乃亮说前方修罗场预警速来,剧集 270115
,34,上海新增本土确诊29例,267827
,35,与君初相识是高雯沈东军的三生三世吧,剧集 258194
,36,朴槿惠在家门口被扔酒瓶,256021
,37,宋亚轩一起等雨停剧照,剧集 248172
,38,kkOma担任亚运会教练,244991
,39,MU5735搜寻72小时全记录,242436
,40,与君初相识里的伏笔,剧集 234041
,41,素颜和解,218309
,42,为了备考你做过哪些努力,213090
,43,意大利连续两届无缘世界杯,203860
,44,庆余年手游,203625
,45,102岁老兵病床上叮嘱孙女交党费,202690
,46,王嘉尔朴宰范同框跳舞,音乐 195582
,47,苹果计划推出硬件订阅服务,191847
,48,英语四级报名,185062
,49,这张冻红的脸让人心疼,179369
,50,俄称发现美参与在乌研发生物武器部件新证据,178380
,,,
Time,No.,Content,Hotness
2022-03-25 12:15:01,,,
,,民航局开展为期2周行业安全大检查, 
,1,目前还未找到第二部黑匣子,5563711
,2,东方医院回应护士因哮喘离世,3178007
,3,天宫课堂第二课,2514702
,•,荣耀耳机卷起来了,
,4,24周孕妇吃不洁食物产下巴掌宝宝,2503009
,5,当地通报4人参加丧事误食燃料死亡,1578098
,6,忘拔充电器竟把家烧了,1422022
,7,MU5735家属带走一罐现场泥土,1302299
,8,洁婷,1003402
,9,女生食堂买饭遇兼职舍友被疯狂投喂,949752
,10,卖菜老夫妻收到百元假钞泪流不止,945989
,11,月薪三千应该感到满足吗,944759
,12,特朗普说我是总统的话就派核潜艇威胁俄,902503
,13,上海疫情,886378
,14,黑匣子数据初步读取分析需10至15天,840193
,15,海清童瑶家一开饭就是修罗场,剧集 658172
,16,上海新增1580例无症状,656295
,17,女子被困雪山3天双脚发黑险截肢,654311
,18,Lisa香港芭莎四月刊封面,618192
,19,结婚四年的夫妻分工,503951
,20,上海要求保障群众急救需求,502375
,21,顾魏穿情侣衫去见情敌,剧集 499521
,22,抛抛蔡,498732
,23,俄称美在乌军人身上测试未注册医用制剂,496537
,24,张佳宁新剧演老师,剧集 455737
,25,贾乃亮说前方修罗场预警速来,剧集 443838
,26,上海联华超市回应土豆每公斤107.8元,426292
,27,与君初相识是高雯沈东军的三生三世吧,剧集 417610
,28,WINTER宁艺卓将演唱我们的蓝调OST,剧集 400991
,29,边吃饭边喝水到底好不好,339841
,30,梁靖康孙千说星期五终于来了,剧集 333295
,31,回南天,323270
,32,吉林新增1110例本土确诊,289446
,33,是王者啊第一季,289334
,34,kkOma担任亚运会教练,287890
,35,苹果计划推出硬件订阅服务,282269
,36,喜糖盒可以有多高级,281847
,37,俄称发现美参与在乌研发生物武器部件新证据,279301
,38,英语四级报名,267090
,39,女子网恋一个月转给男友92万,265362
,40,这张冻红的脸让人心疼,247814
,41,德云社节目单,245027
,42,上海新增本土确诊29例,241014
,43,朴槿惠在家门口被扔酒瓶,240584
,44,撕毁理发店证件执法局局长被免职,237800
,45,原来是老师啊定档0401,剧集 237301
,46,成年人千万不要随便签字,234417
,47,MU5735搜寻72小时全记录,234374
,48,帕梅拉究竟有多难,231436
,49,宋亚轩一起等雨停剧照,剧集 225919
,50,与君初相识里的伏笔,剧集 204070
,,,
Time,No.,Content,Hotness
2022-03-25 12:45:02,,,
,,水是生存之本文明之源, 
,1,目前还未找到第二部黑匣子,2845106
,2,当地通报4人参加丧事误食燃料死亡,2356041
,3,天宫课堂第二课,1672163
,•,庆余年1.5季,
,4,24周孕妇吃不洁食物产下巴掌宝宝,1611480
,5,MU5735家属带走一罐现场泥土,1537697
,6,忘拔充电器竟把家烧了,1458723
,7,B站崩了,1434458
,8,洁婷,1400402
,9,女生食堂买饭遇兼职舍友被疯狂投喂,1167158
,10,回南天,1008033
,11,东方医院回应护士因哮喘离世,961004
,12,海清童瑶家一开饭就是修罗场,剧集 898881
,13,黑匣子数据初步读取分析需10至15天,869006
,14,上海疫情,866426
,15,卖菜老夫妻收到百元假钞泪流不止,744961
,16,撕毁理发店证件执法局局长被免职,672305
,17,上海新增1580例无症状,661731
,18,女子被困雪山3天双脚发黑险截肢,599725
,19,Lisa香港芭莎四月刊封面,557510
,20,月薪三千应该感到满足吗,551750
,21,成年人千万不要随便签字,542096
,22,顾魏穿情侣衫去见情敌,剧集 535010
,23,抛抛蔡,525644
,24,俄称发现美参与在乌研发生物武器部件新证据,519095
,25,上海要求保障群众急救需求,474854
,26,檀健次说肖顺尧是MIC的大rapper,综艺 450115
,27,与君初相识是高雯沈东军的三生三世吧,剧集 399632
,28,结婚四年的夫妻分工,387979
,29,张佳宁新剧演老师,剧集 386255
,30,贾乃亮说前方修罗场预警速来,剧集 376916
,31,俄称美在乌军人身上测试未注册医用制剂,361503
,32,是王者啊第一季,361067
,33,WINTER宁艺卓将演唱我们的蓝调OST,剧集 351575
,34,苹果计划推出硬件订阅服务,323335
,35,HYBE新女团包含荷兰成员,308463
,36,老师在学生试卷上放热水袋秒变空白卷,306748
,37,上海联华超市回应土豆每公斤107.8元,289773
,38,边吃饭边喝水到底好不好,272888
,39,布克49分,269113
,40,吉林新增1110例本土确诊,266065
,41,MU5735搜寻72小时全记录,251988
,42,梁靖康孙千说星期五终于来了,剧集 237287
,43,幼儿园招男老师的必要性,230379
,44,kkOma担任亚运会教练,229589
,45,被室友妈妈投喂是啥体验,222707
,46,特朗普说我是总统的话就派核潜艇威胁俄,220992
,47,英语四级报名,214636
,48,女子网恋一个月转给男友92万,207951
,49,这张冻红的脸让人心疼,203989
,50,朴槿惠在家门口被扔酒瓶,200196
,,,
Time,No.,Content,Hotness
2022-03-25 13:00:01,,,
,,水是生存之本文明之源, 
,1,当地通报4人参加丧事误食燃料死亡,2371809
,2,目前还未找到第二部黑匣子,2276026
,3,天宫课堂第二课,2253143
,•,庆余年1.5季,
,4,24周孕妇吃不洁食物产下巴掌宝宝,2251236
,5,B站崩了,2232066
,6,MU5735家属带走一罐现场泥土,1509553
,7,忘拔充电器竟把家烧了,1430332
,8,洁婷,1425274
,9,女生食堂买饭遇兼职舍友被疯狂投喂,1082400
,10,回南天,1028763
,11,东方医院回应护士因哮喘离世,968902
,12,王牌对王牌播出时间调整通知,综艺 835669
,13,海清童瑶家一开饭就是修罗场,剧集 834098
,14,上海疫情,825161
,15,黑匣子数据初步读取分析需10至15天,807518
,16,撕毁理发店证件执法局局长被免职,782640
,17,上海新增1580例无症状,782603
,18,幼儿园招男老师的必要性,762845
,19,老师在学生试卷上放热水袋秒变空白卷,719181
,20,卖菜老夫妻收到百元假钞泪流不止,666744
,21,成年人千万不要随便签字,663708
,22,顾魏穿情侣衫去见情敌,剧集 654136
,23,抛抛蔡,632437
,24,俄称发现美参与在乌研发生物武器部件新证据,593497
,25,女子被困雪山3天双脚发黑险截肢,513213
,26,上海要求保障群众急救需求,389390
,27,檀健次说肖顺尧是MIC的大rapper,综艺 369282
,28,结婚四年的夫妻分工,366774
,29,瑞幸门店数量超越星巴克中国,342333
,30,俄称美在乌军人身上测试未注册医用制剂,328432
,31,被室友妈妈投喂是啥体验,318423
,32,苹果计划推出硬件订阅服务,309093
,33,张佳宁新剧演老师,剧集 291262
,34,是王者啊第一季,284024
,35,太阳60胜,246767
,36,Lisa香港芭莎四月刊封面,246266
,37,边吃饭边喝水到底好不好,244704
,38,吉林新增1110例本土确诊,236507
,39,HYBE新女团包含荷兰成员,236490
,40,与君初相识是高雯沈东军的三生三世吧,剧集 236368
,41,MU5735搜寻72小时全记录,236004
,42,贾乃亮说前方修罗场预警速来,剧集 235825
,43,布克49分,233750
,44,上海联华超市回应土豆每公斤107.8元,226275
,45,英语四级报名,189766
,46,女子网恋一个月转给男友92万,179694
,47,WINTER宁艺卓将演唱我们的蓝调OST,剧集 176094
,48,隔离女孩收到来自苏炳添12岁生日礼物,171175
,49,这张冻红的脸让人心疼,159911
,50,这个春天被美食治愈,157865
,,,
Time,No.,Content,Hotness
2022-03-25 13:15:01,,,
,,民航局开展为期2周行业安全大检查, 
,1,当地通报4人参加丧事误食燃料死亡,2521229
,2,目前还未找到第二部黑匣子,1871509
,3,天宫课堂第二课,1703511
,4,B站崩了,1668289
,5,24周孕妇吃不洁食物产下巴掌宝宝,1639481
,6,幼儿园招男老师的必要性,1573934
,•,我和四川高校拍个照,
,7,洁婷,1427233
,8,MU5735家属带走一罐现场泥土,1341629
,9,忘拔充电器竟把家烧了,1240884
,10,回南天,1010898
,11,东方医院回应护士因哮喘离世,939730
,12,老师在学生试卷上放热水袋秒变空白卷,902472
,13,女生食堂买饭遇兼职舍友被疯狂投喂,863116
,14,上海疫情,821556
,15,瑞幸门店数量超越星巴克中国,709571
,16,黑匣子数据初步读取分析需10至15天,698542
,17,撕毁理发店证件执法局局长被免职,665237
,18,卖菜老夫妻收到百元假钞泪流不止,556901
,19,俄称发现美参与在乌研发生物武器部件新证据,521585
,20,海清童瑶家一开饭就是修罗场,剧集 507524
,21,成年人千万不要随便签字,490161
,22,顾魏穿情侣衫去见情敌,剧集 476085
,23,王牌对王牌播出时间调整通知,综艺 463645
,24,抛抛蔡,451441
,25,女子被困雪山3天双脚发黑险截肢,436221
,26,结婚四年的夫妻分工,355112
,27,上海要求保障群众急救需求,339004
,28,2022共和国已痛失8位院士,311596
,29,俄称美在乌军人身上测试未注册医用制剂,292768
,30,苹果计划推出硬件订阅服务,282369
,31,上海新增1580例无症状,280316
,32,张佳宁新剧演老师,剧集 267779
,33,隔离女孩收到来自苏炳添12岁生日礼物,245017
,34,檀健次说肖顺尧是MIC的大rapper,综艺 242751
,35,丝宝集团回应洁婷卫生巾疑似现虫卵,234747
,36,太阳60胜,234683
,37,被室友妈妈投喂是啥体验,232802
,38,边吃饭边喝水到底好不好,227027
,39,HYBE新女团包含荷兰成员,225374
,40,广州志愿者切换7种语言为外国人答疑,219860
,41,安徽将冷淡漠视纳入家暴范畴,214213
,42,是王者啊第一季,212746
,43,这个春天被美食治愈,207502
,44,MU5735搜寻72小时全记录,205679
,45,吉林新增1110例本土确诊,205676
,46,上海联华超市回应土豆每公斤107.8元,198457
,47,英语四级报名,177277
,48,少先队员拾金不昧民警主动求合照,159231
,49,女子网恋一个月转给男友92万,156614
,50,布克49分,127784
,,,
Time,No.,Content,Hotness
2022-03-25 13:45:01,,,
,,水是生存之本文明之源, 
,1,幼儿园招男老师的必要性,2210270
,2,当地通报4人参加丧事误食燃料死亡,1951980
,3,天宫课堂第二课,1884304
,•,3999元起荣耀Magic4开卖,
,4,B站崩了,1869794
,5,24周孕妇吃不洁食物产下巴掌宝宝,1722519
,6,目前还未找到第二部黑匣子,1307237
,7,老师在学生试卷上放热水袋秒变空白卷,1256146
,8,瑞幸门店数量超越星巴克中国,1074340
,9,MU5735家属带走一罐现场泥土,982535
,10,忘拔充电器竟把家烧了,893727
,11,2022共和国已痛失8位院士,881919
,12,东方医院回应护士因哮喘离世,862853
,13,洁婷,789885
,14,回南天,756678
,15,上海疫情,675838
,16,女生食堂买饭遇兼职舍友被疯狂投喂,576557
,17,黑匣子数据初步读取分析需10至15天,534632
,18,撕毁理发店证件执法局局长被免职,518033
,19,广州志愿者切换7种语言为外国人答疑,455049
,20,安徽将冷淡漠视纳入家暴范畴,413848
,21,成年人千万不要随便签字,413679
,22,王牌对王牌播出时间调整通知,综艺 412791
,23,顾魏穿情侣衫去见情敌,剧集 411560
,24,抛抛蔡,411164
,25,卖菜老夫妻收到百元假钞泪流不止,410478
,26,海清童瑶家一开饭就是修罗场,剧集 386125
,27,俄称发现美参与在乌研发生物武器部件新证据,356641
,28,女子被困雪山3天双脚发黑险截肢,331911
,29,结婚四年的夫妻分工,257956
,30,隔离女孩收到来自苏炳添12岁生日礼物,252395
,31,上海新增1580例无症状,247838
,32,俄称美在乌军人身上测试未注册医用制剂,242474
,33,丝宝集团回应洁婷卫生巾疑似现虫卵,220499
,34,黄子韬问下雨天一起复习功课有什么问题吗,剧集 219304
,35,上海要求保障群众急救需求,219033
,36,张佳宁新剧演老师,剧集 215258
,37,苹果计划推出硬件订阅服务,188667
,38,陈学冬演的向东南是热血番男主吧,剧集 188115
,39,太阳60胜,185192
,40,HYBE新女团包含荷兰成员,185019
,41,边吃饭边喝水到底好不好,180176
,42,救援人员已经穿上医用防护服,170553
,43,吉林新增1110例本土确诊,164807
,44,英语四级报名,145681
,45,MU5735搜寻72小时全记录,142461
,46,上海联华超市回应土豆每公斤107.8元,137543
,47,英雄不能遗忘,135324
,48,福建泉州本轮疫情首批本土患者治愈出院,123953
,49,女子网恋一个月转给男友92万,116736
,50,少先队员拾金不昧民警主动求合照,98628
,,,
Time,No.,Content,Hotness
2022-03-25 14:00:01,,,
,,水是生存之本文明之源, 
,1,2022共和国已痛失8位院士,2284582
,2,当地通报4人参加丧事误食燃料死亡,1885008
,3,天宫课堂第二课,1695453
,•,被中国春耕高科技炫到了,
,4,B站崩了,1671562
,5,老师在学生试卷上放热水袋秒变空白卷,1614494
,6,24周孕妇吃不洁食物产下巴掌宝宝,1494086
,•,以星为钥开启机械世界,
,7,瑞幸门店数量超越星巴克中国,1150910
,8,目前还未找到第二部黑匣子,1082643
,9,MU5735家属带走一罐现场泥土,816063
,10,忘拔充电器竟把家烧了,808730
,11,东方医院回应护士因哮喘离世,805588
,12,回南天,720541
,13,洁婷,662027
,14,上海疫情,606674
,15,女生食堂买饭遇兼职舍友被疯狂投喂,532411
,16,黑匣子数据初步读取分析需10至15天,485891
,17,安徽将冷淡漠视纳入家暴范畴,482536
,18,广州志愿者切换7种语言为外国人答疑,463294
,19,撕毁理发店证件执法局局长被免职,412386
,20,卖菜老夫妻收到百元假钞泪流不止,325458
,21,幼儿园招男老师的必要性,325217
,22,成年人千万不要随便签字,320439
,23,王牌对王牌播出时间调整通知,综艺 314837
,24,救援人员已经穿上医用防护服,307091
,25,抛抛蔡,305571
,26,南方有乔木播出四周年,剧集 297237
,27,英雄不能遗忘,295726
,28,俄称发现美参与在乌研发生物武器部件新证据,293047
,29,女子被困雪山3天双脚发黑险截肢,281138
,30,福建泉州本轮疫情首批本土患者治愈出院,263428
,31,海清童瑶家一开饭就是修罗场,剧集 262047
,32,隔离女孩收到来自苏炳添12岁生日礼物,249850
,33,结婚四年的夫妻分工,247351
,34,上海新增1580例无症状,243990
,35,济南新增本土确诊病例2例,236394
,36,俄称美在乌军人身上测试未注册医用制剂,227351
,37,上海要求保障群众急救需求,197489
,38,黄子韬问下雨天一起复习功课有什么问题吗,剧集 196846
,39,张佳宁新剧演老师,剧集 192545
,40,边吃饭边喝水到底好不好,181425
,41,太阳60胜,176386
,42,丝宝集团回应洁婷卫生巾疑似现虫卵,166109
,43,HYBE新女团包含荷兰成员,160031
,44,苹果计划推出硬件订阅服务,150149
,45,MU5735搜寻72小时全记录,132188
,46,英语四级报名,121789
,47,上海联华超市回应土豆每公斤107.8元,112105
,48,约翰逊北约会议合影前遭冷落,107225
,49,女子网恋一个月转给男友92万,93943
,50,这个春天被美食治愈,综艺 91086
,,,
Time,No.,Content,Hotness
2022-03-25 14:15:01,,,
,,民航局开展为期2周行业安全大检查, 
,1,2022共和国已痛失8位院士,2894852
,2,B站崩了,1935772
,3,天宫课堂第二课,1643272
,•,被中国春耕高科技炫到了,
,4,老师在学生试卷上放热水袋秒变空白卷,1474021
,5,24周孕妇吃不洁食物产下巴掌宝宝,1297730
,6,当地通报4人参加丧事误食燃料死亡,1250389
,•,春日VLOG,
,7,瑞幸门店数量超越星巴克中国,1122560
,8,目前还未找到第二部黑匣子,1043087
,9,回南天,826243
,10,忘拔充电器竟把家烧了,798079
,11,东方医院回应护士因哮喘离世,737746
,12,救援人员已经穿上医用防护服,726914
,13,洁婷,549620
,14,上海疫情,517255
,15,MU5735家属带走一罐现场泥土,511192
,16,女生食堂买饭遇兼职舍友被疯狂投喂,480114
,17,安徽将冷淡漠视纳入家暴范畴,479409
,18,英雄不能遗忘,475831
,19,黑匣子数据初步读取分析需10至15天,459059
,20,广州志愿者切换7种语言为外国人答疑,455219
,21,幼儿园招男老师的必要性,450311
,22,成年人千万不要随便签字,445987
,23,顾魏私服好会穿,剧集 431019
,24,王牌对王牌播出时间调整通知,综艺 426274
,25,济南新增本土确诊病例2例,421690
,26,武契奇说永不忘北约对塞尔维亚做了什么,418058
,27,南方有乔木播出四周年,剧集 403505
,28,抛抛蔡,385092
,29,撕毁理发店证件执法局局长被免职,354353
,30,卖菜老夫妻收到百元假钞泪流不止,266383
,31,海清童瑶家一开饭就是修罗场,剧集 265777
,32,显卡报价雪崩,254013
,33,隔离女孩收到来自苏炳添12岁生日礼物,250467
,34,许魏洲和蜷川实花再合作,249533
,35,俄称发现美参与在乌研发生物武器部件新证据,241314
,36,女子被困雪山3天双脚发黑险截肢,225889
,37,上海新增1580例无症状,217142
,38,结婚四年的夫妻分工,205388
,39,俄称美在乌军人身上测试未注册医用制剂,198469
,40,边吃饭边喝水到底好不好,179062
,41,上海要求保障群众急救需求,176237
,42,张佳宁新剧演老师,剧集 167804
,43,洁婷道歉,166527
,44,福建泉州本轮疫情首批本土患者治愈出院,166373
,45,约翰逊北约会议合影前遭冷落,160046
,46,丝宝集团回应洁婷卫生巾疑似现虫卵,155576
,47,太阳60胜,154831
,48,HYBE新女团包含荷兰成员,150200
,49,苹果计划推出硬件订阅服务,123336
,50,英语四级报名,103912
,,,
Time,No.,Content,Hotness
2022-03-25 14:30:01,,,
,,民航局开展为期2周行业安全大检查, 
,1,2022共和国已痛失8位院士,2982199
,2,B站崩了,1775297
,3,天宫课堂第二课,1599844
,•,庆余年1.5季,
,4,老师在学生试卷上放热水袋秒变空白卷,1474450
,5,24周孕妇吃不洁食物产下巴掌宝宝,1165010
,6,目前还未找到第二部黑匣子,956835
,7,当地通报4人参加丧事误食燃料死亡,948878
,8,瑞幸门店数量超越星巴克中国,935663
,9,回南天,888776
,10,显卡报价雪崩,874569
,11,东方医院回应护士因哮喘离世,843706
,12,救援人员已经穿上医用防护服,780128
,13,忘拔充电器竟把家烧了,671715
,14,上海疫情,599133
,15,英雄不能遗忘,537242
,16,MU5735家属带走一罐现场泥土,524818
,17,洁婷,513931
,18,安徽将冷淡漠视纳入家暴范畴,454850
,19,济南新增本土确诊病例2例,439351
,20,黑匣子数据初步读取分析需10至15天,415607
,21,幼儿园招男老师的必要性,415190
,22,成年人千万不要随便签字,399542
,23,顾魏私服好会穿,剧集 393560
,24,武契奇说永不忘北约对塞尔维亚做了什么,386495
,25,王牌对王牌播出时间调整通知,综艺 377577
,26,中国民航报致歉,368308
,27,女生食堂买饭遇兼职舍友被疯狂投喂,365493
,28,南方有乔木播出四周年,剧集 363143
,29,洁婷道歉,349800
,30,广州志愿者切换7种语言为外国人答疑,348256
,31,顺德仙姬你看你几分像从前,剧集 344133
,32,抛抛蔡,338444
,33,上海要求保障群众急救需求,296202
,34,许魏洲和蜷川实花再合作,276694
,35,撕毁理发店证件执法局局长被免职,255904
,36,隔离女孩收到来自苏炳添12岁生日礼物,246225
,37,卖菜老夫妻收到百元假钞泪流不止,218193
,38,搜救人员绑绳索在陡坡上一点点搜寻,206555
,39,女子被困雪山3天双脚发黑险截肢,185154
,40,俄称发现美参与在乌研发生物武器部件新证据,184402
,41,男子回家被物业用强光手电照眼6次,181545
,42,结婚四年的夫妻分工,160175
,43,约翰逊北约会议合影前遭冷落,159698
,44,边吃饭边喝水到底好不好,157862
,45,HYBE新女团包含荷兰成员,141029
,46,俄称美在乌军人身上测试未注册医用制剂,141023
,47,张佳宁新剧演老师,剧集 140913
,48,海清童瑶家一开饭就是修罗场,剧集 138625
,49,丝宝集团回应洁婷卫生巾疑似现虫卵,128658
,50,太阳60胜,121074
,,,
Time,No.,Content,Hotness
2022-03-25 14:45:01,,,
,,民航局开展为期2周行业安全大检查, 
,1,中国民航报致歉,4114446
,2,2022共和国已痛失8位院士,2606921
,3,天宫课堂第二课,2076562
,4,救援人员已经穿上医用防护服,1704146
,5,老师在学生试卷上放热水袋秒变空白卷,1545020
,6,B站崩了,1457304
,7,显卡报价雪崩,1191200
,8,24周孕妇吃不洁食物产下巴掌宝宝,1076722
,9,回南天,930871
,10,目前还未找到第二部黑匣子,911629
,11,东方医院回应护士因哮喘离世,893368
,12,武契奇说永不忘北约对塞尔维亚做了什么,797965
,13,当地通报4人参加丧事误食燃料死亡,711061
,14,忘拔充电器竟把家烧了,540392
,15,英雄不能遗忘,535939
,16,洁婷,529624
,17,MU5735家属带走一罐现场泥土,521314
,18,上海疫情,492638
,19,洁婷道歉,405190
,20,济南新增本土确诊病例2例,404169
,21,成年人千万不要随便签字,400912
,22,幼儿园招男老师的必要性,396423
,23,大侦探,综艺 395418
,24,顾魏私服好会穿,剧集 391944
,25,安徽将冷淡漠视纳入家暴范畴,390001
,26,王牌对王牌播出时间调整通知,综艺 389725
,27,3U3839起飞后出现机械故障返航,389100
,28,黑匣子数据初步读取分析需10至15天,322944
,29,男子回家被物业用强光手电照眼6次,312109
,30,抛抛蔡,308053
,31,南方有乔木播出四周年,剧集 307707
,32,广州志愿者切换7种语言为外国人答疑,307324
,33,俄乌冲突爆发一个月,298590
,34,顺德仙姬你看你几分像从前,剧集 298543
,35,女生食堂买饭遇兼职舍友被疯狂投喂,295757
,36,搜救人员绑绳索在陡坡上一点点搜寻,278332
,37,上海要求保障群众急救需求,260442
,38,撕毁理发店证件执法局局长被免职,220793
,39,卖菜老夫妻收到百元假钞泪流不止,184199
,40,隔离女孩收到来自苏炳添12岁生日礼物,182929
,41,结婚四年的夫妻分工,170491
,42,女子被困雪山3天双脚发黑险截肢,165407
,43,俄称发现美参与在乌研发生物武器部件新证据,165095
,44,边吃饭边喝水到底好不好,150094
,45,棱镜2022巡演,音乐 146581
,46,俄称美在乌军人身上测试未注册医用制剂,144688
,47,HYBE新女团包含荷兰成员,140589
,48,张佳宁新剧演老师,剧集 136320
,49,约翰逊北约会议合影前遭冷落,119528
,50,丝宝集团回应洁婷卫生巾疑似现虫卵,105949
,,,
Time,No.,Content,Hotness
2022-03-25 15:15:01,,,
,,水是生存之本文明之源, 
,1,3U3839起飞后出现机械故障返航,5665203
,2,中国民航报致歉,4682574
,3,天宫课堂第二课,2154499
,•,被中国春耕高科技炫到了,
,4,救援人员已经穿上医用防护服,1625915
,5,2022共和国已痛失8位院士,1570972
,6,显卡报价雪崩,1362833
,7,老师在学生试卷上放热水袋秒变空白卷,1203610
,8,B站崩了,891659
,9,24周孕妇吃不洁食物产下巴掌宝宝,885096
,10,俄乌冲突爆发一个月,818705
,11,东方医院回应护士因哮喘离世,808211
,12,回南天,789995
,13,武契奇说永不忘北约对塞尔维亚做了什么,634487
,14,男子回家被物业用强光手电照眼6次,596726
,15,目前还未找到第二部黑匣子,567221
,16,上海疫情,465482
,17,英雄不能遗忘,459584
,18,洁婷道歉,458781
,19,当地通报4人参加丧事误食燃料死亡,417883
,20,忘拔充电器竟把家烧了,390163
,21,成年人千万不要随便签字,387598
,22,幼儿园招男老师的必要性,380638
,23,金世正将出演新剧今天的网漫,剧集 364853
,24,俄国防部点名拜登之子,361317
,25,顾魏私服好会穿,剧集 348525
,26,大侦探,综艺 343780
,27,济南新增本土确诊病例2例,334712
,28,MU5735家属带走一罐现场泥土,308723
,29,倒挂化粪池救人的外卖小哥找到了,296702
,30,抛抛蔡,256862
,31,张小斐时装封面,255086
,32,安徽将冷淡漠视纳入家暴范畴,242322
,33,广州志愿者切换7种语言为外国人答疑,214885
,34,当你有个香港老板,214880
,35,男子坐过站抢方向盘致公交撞向人行道,214867
,36,黑匣子数据初步读取分析需10至15天,210622
,37,上海要求保障群众急救需求,207766
,38,女生食堂买饭遇兼职舍友被疯狂投喂,199458
,39,搜救人员绑绳索在陡坡上一点点搜寻,193817
,40,撕毁理发店证件执法局局长被免职,173271
,41,消防员用吉他包救出3月宝宝,170604
,42,卖菜老夫妻收到百元假钞泪流不止,151699
,43,HYBE新女团包含荷兰成员,143357
,44,隔离女孩收到来自苏炳添12岁生日礼物,135534
,45,边吃饭边喝水到底好不好,129825
,46,女子被困雪山3天双脚发黑险截肢,119847
,47,结婚四年的夫妻分工,119107
,48,人生大事宣布延期上映,电影 118925
,49,俄称发现美参与在乌研发生物武器部件新证据,117971
,50,但斌回应旗下上百只产品疑似空仓,110137
,,,
Time,No.,Content,Hotness
2022-03-25 15:30:01,,,
,,民航局开展为期2周行业安全大检查, 
,1,3U3839起飞后出现机械故障返航,5752151
,2,中国民航报致歉,4456521
,3,天宫课堂第二课,1876136
,•,庆余年1.5季,
,4,救援人员已经穿上医用防护服,1557447
,5,2022共和国已痛失8位院士,1298219
,6,显卡报价雪崩,1235926
,7,老师在学生试卷上放热水袋秒变空白卷,1110403
,8,俄乌冲突爆发一个月,1055818
,9,回南天,931272
,10,B站崩了,742704
,11,东方医院回应护士因哮喘离世,729510
,12,24周孕妇吃不洁食物产下巴掌宝宝,686720
,13,武契奇说永不忘北约对塞尔维亚做了什么,584611
,14,男子回家被物业用强光手电照眼6次,552337
,15,洁婷道歉,547386
,16,上海疫情,504089
,17,目前还未找到第二部黑匣子,464944
,18,倒挂化粪池救人的外卖小哥找到了,437806
,19,当地通报4人参加丧事误食燃料死亡,347286
,20,英雄不能遗忘,340556
,21,成年人千万不要随便签字,340251
,22,人生大事宣布延期上映,电影 331792
,23,俄国防部点名拜登之子,320782
,24,幼儿园招男老师的必要性,311704
,25,顾魏私服好会穿,剧集 306947
,26,金世正将出演新剧今天的网漫,剧集 292698
,27,忘拔充电器竟把家烧了,291296
,28,男子坐过站抢方向盘致公交撞向人行道,280157
,29,MU5735家属带走一罐现场泥土,270410
,30,消防员用吉他包救出3月宝宝,266752
,31,大侦探,综艺 264168
,32,济南新增本土确诊病例2例,260089
,33,上海要求保障群众急救需求,236862
,34,张小斐时装封面,235223
,35,俄称谈判主要障碍是乌政府缺乏独立性,230538
,36,抛抛蔡,227888
,37,当你有个香港老板,224634
,38,拜登支持将俄罗斯排除出G20,219302
,39,安徽将冷淡漠视纳入家暴范畴,195465
,40,黑匣子数据初步读取分析需10至15天,189080
,41,广州志愿者切换7种语言为外国人答疑,183242
,42,女生食堂买饭遇兼职舍友被疯狂投喂,169486
,43,搜救人员绑绳索在陡坡上一点点搜寻,166946
,44,撕毁理发店证件执法局局长被免职,162804
,45,卖菜老夫妻收到百元假钞泪流不止,138255
,46,HYBE新女团包含荷兰成员,136240
,47,隔离女孩收到来自苏炳添12岁生日礼物,130728
,48,边吃饭边喝水到底好不好,127670
,49,女子被困雪山3天双脚发黑险截肢,106820
,50,但斌回应旗下上百只产品疑似空仓,101952
,,,
Time,No.,Content,Hotness
2022-03-25 15:45:01,,,
,,水是生存之本文明之源, 
,1,3U3839起飞后出现机械故障返航,6064454
,2,中国民航报致歉,4054759
,3,天宫课堂第二课,1721139
,4,救援人员已经穿上医用防护服,1582518
,5,显卡报价雪崩,1110381
,6,回南天,1076915
,7,2022共和国已痛失8位院士,1022261
,8,俄乌冲突爆发一个月,1018125
,9,老师在学生试卷上放热水袋秒变空白卷,1001611
,10,24周孕妇吃不洁食物产下巴掌宝宝,831655
,11,拜登支持将俄罗斯排除出G20,826391
,12,东方医院回应护士因哮喘离世,740091
,13,B站崩了,619220
,14,美国宣布将接收10万乌克兰难民,605027
,15,男子回家被物业用强光手电照眼6次,555872
,16,洁婷道歉,501059
,17,倒挂化粪池救人的外卖小哥找到了,453364
,18,武契奇说永不忘北约对塞尔维亚做了什么,452906
,19,上海疫情,436213
,20,目前还未找到第二部黑匣子,385646
,21,成年人千万不要随便签字,384921
,22,人生大事宣布延期上映,电影 355111
,23,俄国防部点名拜登之子,340028
,24,顾魏私服好会穿,剧集 331871
,25,幼儿园招男老师的必要性,305446
,26,我国新增本土感染者数量仍处于高位,302196
,27,男子坐过站抢方向盘致公交撞向人行道,298633
,28,当地通报4人参加丧事误食燃料死亡,294608
,29,全国累计本土感染者超56000例,290732
,30,英雄不能遗忘,260586
,31,湖南卫视综艺将停播一周,综艺 260553
,32,俄称谈判主要障碍是乌政府缺乏独立性,258398
,33,消防员用吉他包救出3月宝宝,235971
,34,大侦探,综艺 235495
,35,忘拔充电器竟把家烧了,233791
,36,金世正将出演新剧今天的网漫,剧集 233211
,37,MU5735家属带走一罐现场泥土,227786
,38,抛抛蔡,227669
,39,上海要求保障群众急救需求,207351
,40,女生食堂买饭遇兼职舍友被疯狂投喂,188136
,41,安徽将冷淡漠视纳入家暴范畴,171919
,42,济南新增本土确诊病例2例,171568
,43,黑匣子数据初步读取分析需10至15天,171142
,44,撕毁理发店证件执法局局长被免职,156815
,45,3月1日至24日吉林累计报告感染者超2.9万例,141413
,46,搜救人员绑绳索在陡坡上一点点搜寻,139461
,47,HYBE新女团包含荷兰成员,137291
,48,隔离女孩收到来自苏炳添12岁生日礼物,124349
,49,卖菜老夫妻收到百元假钞泪流不止,120234
,50,边吃饭边喝水到底好不好,116526
,,,
Time,No.,Content,Hotness
2022-03-25 16:00:01,,,
,,水是生存之本文明之源, 
,1,3U3839起飞后出现机械故障返航,5687388
,2,中国民航报致歉,3568263
,3,太空出差三人组下周将进入返回准备阶段,2494152
,•,3999元起荣耀Magic4开卖,
,4,美国宣布将接收10万乌克兰难民,1710996
,5,救援人员已经穿上医用防护服,1446408
,6,回南天,1286433
,•,春日VLOG,
,7,2022共和国已痛失8位院士,1101497
,8,显卡报价雪崩,967082
,9,老师在学生试卷上放热水袋秒变空白卷,949641
,10,俄乌冲突爆发一个月,877977
,11,东方医院回应护士因哮喘离世,654615
,12,B站崩了,586799
,13,拜登支持将俄罗斯排除出G20,586177
,14,我国新增本土感染者数量仍处于高位,585496
,15,24周孕妇吃不洁食物产下巴掌宝宝,568495
,16,男子回家被物业用强光手电照眼6次,507098
,17,洁婷道歉,490281
,18,上海疫情,464716
,19,倒挂化粪池救人的外卖小哥找到了,460083
,20,全国累计本土感染者超56000例,380387
,21,湖南卫视综艺将停播一周,综艺 379340
,22,成年人千万不要随便签字,374929
,23,俄国防部点名拜登之子,365582
,24,幼儿园招男老师的必要性,360712
,25,顾魏私服好会穿,剧集 355927
,26,武契奇说永不忘北约对塞尔维亚做了什么,354975
,27,男子坐过站抢方向盘致公交撞向人行道,332270
,28,目前还未找到第二部黑匣子,307845
,29,俄称谈判主要障碍是乌政府缺乏独立性,268912
,30,消防员用吉他包救出3月宝宝,225220
,31,人生大事宣布延期上映,电影 225215
,32,英雄不能遗忘,225062
,33,山东广东疫情已得到初步控制,224354
,34,金世正将出演新剧今天的网漫,剧集 224002
,35,MU5735家属带走一罐现场泥土,217553
,36,当地通报4人参加丧事误食燃料死亡,213924
,37,抛抛蔡,202249
,38,忘拔充电器竟把家烧了,185791
,39,上海要求保障群众急救需求,185681
,40,女生食堂买饭遇兼职舍友被疯狂投喂,180447
,41,安徽将冷淡漠视纳入家暴范畴,169159
,42,黑匣子数据初步读取分析需10至15天,162689
,43,天宫课堂第二课,151968
,44,撕毁理发店证件执法局局长被免职,151034
,45,卖菜老夫妻收到百元假钞泪流不止,139147
,46,搜救人员绑绳索在陡坡上一点点搜寻,129104
,47,边吃饭边喝水到底好不好,128948
,48,HYBE新女团包含荷兰成员,126147
,49,奥密克戎毒株流行的危害依然严重,107302
,50,隔离女孩收到来自苏炳添12岁生日礼物,96124
,,,
Time,No.,Content,Hotness
2022-03-25 16:15:01,,,
,,水是生存之本文明之源, 
,1,3U3839起飞后出现机械故障返航,5395701
,2,中国民航报致歉,3147646
,3,太空出差三人组下周将进入返回准备阶段,2467783
,•,这届爸妈太会了,
,4,美国宣布将接收10万乌克兰难民,1963915
,5,回南天,1293329
,6,救援人员已经穿上医用防护服,1270829
,•,大牌宠粉日,
,7,拜登支持将俄罗斯排除出G20,1249661
,8,老师在学生试卷上放热水袋秒变空白卷,1042893
,9,2022共和国已痛失8位院士,888173
,10,山东广东疫情已得到初步控制,881817
,11,显卡报价雪崩,816949
,12,我国新增本土感染者数量仍处于高位,650493
,13,俄乌冲突爆发一个月,626150
,14,B站崩了,573600
,15,东方医院回应护士因哮喘离世,564246
,16,24周孕妇吃不洁食物产下巴掌宝宝,516658
,17,男子回家被物业用强光手电照眼6次,454943
,18,倒挂化粪池救人的外卖小哥找到了,430225
,19,洁婷道歉,405347
,20,上海疫情,399251
,21,湖南卫视综艺将停播一周,综艺 398870
,22,成年人千万不要随便签字,398550
,23,俄国防部点名拜登之子,398231
,24,幼儿园招男老师的必要性,397565
,25,顾魏私服好会穿,剧集 397450
,26,男子坐过站抢方向盘致公交撞向人行道,327324
,27,俄称谈判主要障碍是乌政府缺乏独立性,280456
,28,武契奇说永不忘北约对塞尔维亚做了什么,274573
,29,目前还未找到第二部黑匣子,274484
,30,英雄不能遗忘,245437
,31,人生大事宣布延期上映,电影 243798
,32,消防员用吉他包救出3月宝宝,237784
,33,抛抛蔡,201787
,34,纪云禾是有青丘血脉天赋吧,剧集 200552
,35,MU5735家属带走一罐现场泥土,187344
,36,奥密克戎毒株流行的危害依然严重,184832
,37,多部清明档影片延期上映,184707
,38,当地通报4人参加丧事误食燃料死亡,177400
,39,女生食堂买饭遇兼职舍友被疯狂投喂,166762
,40,上海要求保障群众急救需求,158464
,41,忘拔充电器竟把家烧了,156132
,42,安徽将冷淡漠视纳入家暴范畴,152925
,43,川航3U3839最新情况,152752
,44,黑匣子数据初步读取分析需10至15天,152516
,45,撕毁理发店证件执法局局长被免职,136337
,46,卖菜老夫妻收到百元假钞泪流不止,127951
,47,全国累计本土感染者超56000例,126685
,48,边吃饭边喝水到底好不好,122473
,49,HYBE新女团包含荷兰成员,118670
,50,搜救人员绑绳索在陡坡上一点点搜寻,107963
,,,
Time,No.,Content,Hotness
2022-03-25 16:30:01,,,
,,全面排查整治各行业领域安全隐患, 
,1,3U3839起飞后出现机械故障返航,4899231
,2,中国民航报致歉,3019962
,3,太空出差三人组下周将进入返回准备阶段,2099484
,•,这届爸妈太会了,
,4,美国宣布将接收10万乌克兰难民,2000161
,5,回南天,1665814
,6,救援人员已经穿上医用防护服,1171071
,7,拜登支持将俄罗斯排除出G20,1164621
,8,山东广东疫情已得到初步控制,1108877
,9,老师在学生试卷上放热水袋秒变空白卷,996608
,10,2022共和国已痛失8位院士,748995
,11,川航3U3839最新情况,732564
,12,显卡报价雪崩,689578
,13,奥密克戎毒株流行的危害依然严重,652659
,14,B站崩了,574091
,15,我国新增本土感染者数量仍处于高位,560341
,16,东方医院回应护士因哮喘离世,499237
,17,24周孕妇吃不洁食物产下巴掌宝宝,452168
,18,俄乌冲突爆发一个月,450003
,19,男子回家被物业用强光手电照眼6次,428967
,20,洁婷道歉,387160
,21,湖南卫视综艺将停播一周,综艺 384250
,22,成年人千万不要随便签字,379428
,23,幼儿园招男老师的必要性,371978
,24,顾魏私服好会穿,剧集 362785
,25,俄国防部点名拜登之子,357135
,26,倒挂化粪池救人的外卖小哥找到了,337826
,27,男子坐过站抢方向盘致公交撞向人行道,316815
,28,美国宣布新一轮对俄制裁,309943
,29,外交部说北约侵略行径中国人民不会忘记,286751
,30,武契奇说永不忘北约对塞尔维亚做了什么,238788
,31,人生大事宣布延期上映,电影 238586
,32,消防员用吉他包救出3月宝宝,237956
,33,俄称谈判主要障碍是乌政府缺乏独立性,232407
,34,纪云禾是有青丘血脉天赋吧,剧集 231221
,35,目前还未找到第二部黑匣子,221564
,36,川航3U3839安全落地,199387
,37,多部清明档影片延期上映,195522
,38,大连一公司称底薪争取全国最低,183678
,39,抛抛蔡,179477
,40,我国疫情仍在发展阶段,176167
,41,英雄不能遗忘,170980
,42,MU5735家属带走一罐现场泥土,166686
,43,女生食堂买饭遇兼职舍友被疯狂投喂,157640
,44,私募大佬但斌疑似空仓,149870
,45,忘拔充电器竟把家烧了,141892
,46,上海要求保障群众急救需求,138003
,47,安徽将冷淡漠视纳入家暴范畴,137110
,48,当地通报4人参加丧事误食燃料死亡,135503
,49,黑匣子数据初步读取分析需10至15天,130925
,50,上海疫情,129742
,,,
Time,No.,Content,Hotness
2022-03-25 16:45:01,,,
,,全面排查整治各行业领域安全隐患, 
,1,3U3839起飞后出现机械故障返航,4346744
,2,川航3U3839最新情况,3604390
,3,太空出差三人组下周将进入返回准备阶段,2863195
,4,中国民航报致歉,2615451
,5,美国宣布将接收10万乌克兰难民,1904724
,6,回南天,1561291
,7,山东广东疫情已得到初步控制,1020558
,8,拜登支持将俄罗斯排除出G20,991177
,9,救援人员已经穿上医用防护服,941009
,10,老师在学生试卷上放热水袋秒变空白卷,926142
,11,川航3U3839安全落地,731645
,12,奥密克戎毒株流行的危害依然严重,658932
,13,大连一公司称底薪争取全国最低,655941
,14,2022共和国已痛失8位院士,652003
,15,显卡报价雪崩,590873
,16,B站崩了,540752
,17,美国宣布新一轮对俄制裁,532441
,18,东方医院回应护士因哮喘离世,516583
,19,我国新增本土感染者数量仍处于高位,491529
,20,24周孕妇吃不洁食物产下巴掌宝宝,443907
,21,湖南卫视综艺将停播一周,综艺 432520
,22,成年人千万不要随便签字,427576
,23,幼儿园招男老师的必要性,401690
,24,上海辟谣某区菜市场全部关闭,396874
,25,顾魏私服好会穿,剧集 388194
,26,外交部说北约侵略行径中国人民不会忘记,362848
,27,男子回家被物业用强光手电照眼6次,353217
,28,洁婷道歉,314779
,29,俄国防部点名拜登之子,301253
,30,倒挂化粪池救人的外卖小哥找到了,283607
,31,人生大事宣布延期上映,电影 271666
,32,俄乌冲突爆发一个月,266266
,33,私募大佬但斌疑似空仓,256011
,34,纪云禾是有青丘血脉天赋吧,剧集 255886
,35,来自46亿年前的天外礼物,252248
,36,男子坐过站抢方向盘致公交撞向人行道,245207
,37,武契奇说永不忘北约对塞尔维亚做了什么,204216
,38,俄称谈判主要障碍是乌政府缺乏独立性,196647
,39,消防员用吉他包救出3月宝宝,189109
,40,目前还未找到第二部黑匣子,183050
,41,抛抛蔡,169580
,42,英雄不能遗忘,158361
,43,暂不认证跨境远程学历学位证书,149769
,44,上海要求保障群众急救需求,143458
,45,MU5735家属带走一罐现场泥土,140991
,46,女生食堂买饭遇兼职舍友被疯狂投喂,134642
,47,忘拔充电器竟把家烧了,115969
,48,多部清明档影片延期上映,115848
,49,黑匣子数据初步读取分析需10至15天,115670
,50,安徽将冷淡漠视纳入家暴范畴,115185
,,,
Time,No.,Content,Hotness
2022-03-25 17:00:01,,,
,,全面排查整治各行业领域安全隐患, 
,1,3U3839起飞后出现机械故障返航,3588456
,2,川航3U3839最新情况,3368804
,3,太空出差三人组下周将进入返回准备阶段,2944727
,4,中国民航报致歉,2561819
,5,回南天,1764509
,6,大连一公司称底薪争取全国最低,1275359
,•,第一部手机,
,7,拜登支持将俄罗斯排除出G20,1140014
,8,山东广东疫情已得到初步控制,1040791
,9,川航3U3839安全落地,864000
,10,老师在学生试卷上放热水袋秒变空白卷,857037
,11,救援人员已经穿上医用防护服,711709
,12,上海辟谣某区菜市场全部关闭,653527
,13,奥密克戎毒株流行的危害依然严重,626653
,14,美国宣布新一轮对俄制裁,607762
,15,2022共和国已痛失8位院士,573505
,16,B站崩了,511633
,17,显卡报价雪崩,503328
,18,我国新增本土感染者数量仍处于高位,429496
,19,真的不要再节食减肥了,422864
,20,外交部说北约侵略行径中国人民不会忘记,404303
,21,湖南卫视综艺将停播一周,综艺 401423
,22,成年人千万不要随便签字,395618
,23,顾魏私服好会穿,剧集 392801
,24,幼儿园招男老师的必要性,378687
,25,东方医院回应护士因哮喘离世,358682
,26,来自46亿年前的天外礼物,328863
,27,美国宣布将接收10万乌克兰难民,324701
,28,私募大佬但斌疑似空仓,320167
,29,男子回家被物业用强光手电照眼6次,298220
,30,洁婷道歉,297070
,31,宋祖儿啄木鸟连吻黄子韬18次,剧集 288803
,32,俄国防部点名拜登之子,268108
,33,暂不认证跨境远程学历学位证书,268069
,34,人生大事宣布延期上映,电影 267907
,35,24周孕妇吃不洁食物产下巴掌宝宝,266350
,36,倒挂化粪池救人的外卖小哥找到了,241345
,37,纪云禾是有青丘血脉天赋吧,剧集 229402
,38,搜救现场消防员被残片刺破受伤,207517
,39,俄乌冲突爆发一个月,202460
,40,男子坐过站抢方向盘致公交撞向人行道,194643
,41,桂林山水甲天下真不是盖的,190049
,42,消防员用吉他包救出3月宝宝,170068
,43,目前还未找到第二部黑匣子,169330
,44,武契奇说永不忘北约对塞尔维亚做了什么,165839
,45,抛抛蔡,151934
,46,MU5735家属带走一罐现场泥土,147783
,47,俄称谈判主要障碍是乌政府缺乏独立性,145638
,48,英雄不能遗忘,143250
,49,女生食堂买饭遇兼职舍友被疯狂投喂,118239
,50,上海要求保障群众急救需求,118154
,,,
Time,No.,Content,Hotness
2022-03-25 17:15:02,,,
,,全面排查整治各行业领域安全隐患, 
,1,川航3U3839最新情况,4379465
,2,3U3839起飞后出现机械故障返航,2714544
,3,太空出差三人组下周将进入返回准备阶段,2449186
,•,荣耀耳机卷起来了,
,4,中国民航报致歉,2392917
,5,回南天,1598907
,6,大连一公司称底薪争取全国最低,1517267
,•,大牌宠粉日,
,7,真的不要再节食减肥了,1226918
,8,山东广东疫情已得到初步控制,959103
,9,拜登支持将俄罗斯排除出G20,840099
,10,老师在学生试卷上放热水袋秒变空白卷,807686
,11,川航3U3839安全落地,794129
,12,上海辟谣某区菜市场全部关闭,630806
,13,美国宣布新一轮对俄制裁,616283
,14,桂林山水甲天下真不是盖的,605010
,15,2022共和国已痛失8位院士,573689
,16,救援人员已经穿上医用防护服,558309
,17,奥密克戎毒株流行的危害依然严重,555164
,18,B站崩了,521258
,19,显卡报价雪崩,418923
,20,外交部说北约侵略行径中国人民不会忘记,384521
,21,湖南卫视综艺将停播一周,综艺 380687
,22,成年人千万不要随便签字,378353
,23,中国日报记者遭美国前驻俄大使拉黑,376882
,24,私募大佬但斌疑似空仓,368583
,25,幼儿园招男老师的必要性,366673
,26,我国新增本土感染者数量仍处于高位,310414
,27,来自46亿年前的天外礼物,295743
,28,东方医院回应护士因哮喘离世,293970
,29,男子回家被物业用强光手电照眼6次,276642
,30,搜救现场消防员被残片刺破受伤,273460
,31,宋祖儿啄木鸟连吻黄子韬18次,剧集 273364
,32,广州小蛮腰雨后美成水墨画,264441
,33,洁婷道歉,260090
,34,人生第一杯酸辣水果茶,260005
,35,暂不认证跨境远程学历学位证书,258987
,36,俄国防部点名拜登之子,224680
,37,顾魏私服好会穿,剧集 223428
,38,人生大事宣布延期上映,电影 222974
,39,倒挂化粪池救人的外卖小哥找到了,222134
,40,目前还未找到第二部黑匣子,195786
,41,24周孕妇吃不洁食物产下巴掌宝宝,185594
,42,俄乌冲突爆发一个月,162837
,43,男子坐过站抢方向盘致公交撞向人行道,155168
,44,MU5735飞行事故搜救最新情况,155043
,45,武契奇说永不忘北约对塞尔维亚做了什么,146030
,46,消防员用吉他包救出3月宝宝,139673
,47,已安排375名旅客家属到现场吊唁,132692
,48,坠机事故现场发现遗物101件,130769
,49,抛抛蔡,129899
,50,英雄不能遗忘,128234
,,,
Time,No.,Content,Hotness
2022-03-25 17:30:01,,,
,,全面排查整治各行业领域安全隐患, 
,1,川航3U3839最新情况,3619306
,2,中国民航报致歉,2343590
,3,太空出差三人组下周将进入返回准备阶段,2101286
,•,3999元起荣耀Magic4开卖,
,4,3U3839起飞后出现机械故障返航,2007254
,5,大连一公司称底薪争取全国最低,1688776
,6,回南天,1624557
,•,第一部手机,
,7,真的不要再节食减肥了,1587139
,8,桂林山水甲天下真不是盖的,1169740
,9,坠机事故现场发现遗物101件,782567
,10,山东广东疫情已得到初步控制,748439
,11,拜登支持将俄罗斯排除出G20,719327
,12,MU5735飞行事故搜救最新情况,691394
,13,老师在学生试卷上放热水袋秒变空白卷,652708
,14,上海辟谣某区菜市场全部关闭,606946
,15,川航3U3839安全落地,605891
,16,美国宣布新一轮对俄制裁,604159
,17,B站崩了,467891
,18,奥密克戎毒株流行的危害依然严重,467360
,19,广州小蛮腰雨后美成水墨画,467109
,20,2022共和国已痛失8位院士,466684
,21,湖南卫视综艺将停播一周,综艺 463975
,22,中国日报记者遭美国前驻俄大使拉黑,461335
,23,杨紫肖战余生请多指教一眼万年花絮,剧集 460494
,24,成年人千万不要随便签字,458481
,25,救援人员已经穿上医用防护服,439017
,26,外交部说北约侵略行径中国人民不会忘记,398359
,27,幼儿园招男老师的必要性,349863
,28,已安排375名旅客家属到现场吊唁,349847
,29,私募大佬但斌疑似空仓,348900
,30,盛光祖配合中央纪委国家监委纪律审查和监察调查,340336
,31,宋祖儿啄木鸟连吻黄子韬18次,剧集 339133
,32,显卡报价雪崩,336408
,33,东方医院回应护士因哮喘离世,272358
,34,人生第一杯酸辣水果茶,269305
,35,来自46亿年前的天外礼物,266141
,36,搜救现场消防员被残片刺破受伤,251324
,37,我国新增本土感染者数量仍处于高位,236351
,38,男子回家被物业用强光手电照眼6次,232769
,39,洁婷道歉,232589
,40,暂不认证跨境远程学历学位证书,223080
,41,上海超市组志愿车队为封控小区送菜,219571
,42,倒挂化粪池救人的外卖小哥找到了,201766
,43,俄国防部点名拜登之子,200675
,44,目前还未找到第二部黑匣子,185663
,45,正研究制定核心区域开挖方案,152315
,46,坠机事故搜索范围扩大到近20万平方米,143355
,47,英雄不能遗忘,142219
,48,俄乌冲突爆发一个月,142004
,49,24周孕妇吃不洁食物产下巴掌宝宝,140610
,50,武契奇说永不忘北约对塞尔维亚做了什么,135405
,,,
Time,No.,Content,Hotness
2022-03-25 17:45:01,,,
,,全面排查整治各行业领域安全隐患, 
,1,川航3U3839最新情况,3342141
,2,MU5735飞行事故搜救最新情况,2940379
,3,太空出差三人组下周将进入返回准备阶段,2213823
,•,荣耀耳机卷起来了,
,4,中国民航报致歉,1962196
,5,回南天,1687581
,6,大连一公司称底薪争取全国最低,1572510
,7,真的不要再节食减肥了,1544142
,8,3U3839起飞后出现机械故障返航,1329939
,9,桂林山水甲天下真不是盖的,1240249
,10,老师在学生试卷上放热水袋秒变空白卷,628374
,11,坠机事故现场发现遗物101件,626070
,12,中国日报记者遭美国前驻俄大使拉黑,611973
,13,广州小蛮腰雨后美成水墨画,576322
,14,山东广东疫情已得到初步控制,535947
,15,拜登支持将俄罗斯排除出G20,512029
,16,上海辟谣某区菜市场全部关闭,502363
,17,上海00后女生教方言时薪六百,478984
,18,美国宣布新一轮对俄制裁,473297
,19,川航3U3839安全落地,453675
,20,B站崩了,444618
,21,湖南卫视综艺将停播一周,综艺 443045
,22,已安排375名旅客家属到现场吊唁,442791
,23,成年人千万不要随便签字,442612
,24,盛光祖配合中央纪委国家监委纪律审查和监察调查,441418
,25,杨紫肖战余生请多指教一眼万年花絮,剧集 435865
,26,2022共和国已痛失8位院士,381733
,27,奥密克戎毒株流行的危害依然严重,338847
,28,私募大佬但斌疑似空仓,333641
,29,外交部说北约侵略行径中国人民不会忘记,326969
,30,幼儿园招男老师的必要性,312044
,31,宋祖儿啄木鸟连吻黄子韬18次,剧集 306833
,32,救援人员已经穿上医用防护服,286670
,33,显卡报价雪崩,271651
,34,人生第一杯酸辣水果茶,265694
,35,来自46亿年前的天外礼物,259449
,36,上海超市组志愿车队为封控小区送菜,246168
,37,搜救现场消防员被残片刺破受伤,238031
,38,东方医院回应护士因哮喘离世,234941
,39,被回南天支配的恐惧,231975
,40,机组人员没有挂出任何紧急代码,224360
,41,洁婷道歉,210822
,42,男子回家被物业用强光手电照眼6次,205973
,43,坠机事故搜索范围扩大到近20万平方米,205869
,44,我国新增本土感染者数量仍处于高位,188292
,45,核心区发现飞机发动机齿轮箱和主起落架,183058
,46,黑匣子数据下载分析尚不能确定时间,182883
,47,俄国防部点名拜登之子,182649
,48,正研究制定核心区域开挖方案,180850
,49,暂不认证跨境远程学历学位证书,179741
,50,倒挂化粪池救人的外卖小哥找到了,179516
,,,
Time,No.,Content,Hotness
2022-03-25 18:00:01,,,
,,全面排查整治各行业领域安全隐患, 
,1,MU5735飞行事故搜救最新情况,3136790
,2,川航3U3839最新情况,2610664
,3,太空出差三人组下周将进入返回准备阶段,2486639
,•,这届爸妈太会了,
,4,坠机事故现场发现遗物101件,2435179
,5,回南天,1859025
,6,中国民航报致歉,1683685
,7,真的不要再节食减肥了,1633984
,8,桂林山水甲天下真不是盖的,1318388
,9,大连一公司称底薪争取全国最低,1311428
,10,上海00后女生教方言时薪六百,1085799
,11,已安排375名旅客家属到现场吊唁,1026316
,12,3U3839起飞后出现机械故障返航,951227
,13,中国日报记者遭美国前驻俄大使拉黑,769464
,14,黑匣子数据下载分析尚不能确定时间,704909
,15,B站崩了,543969
,16,广州小蛮腰雨后美成水墨画,485751
,17,机组人员没有挂出任何紧急代码,467725
,18,老师在学生试卷上放热水袋秒变空白卷,446165
,19,上海辟谣某区菜市场全部关闭,441753
,20,拜登支持将俄罗斯排除出G20,423863
,21,湖南卫视综艺将停播一周,综艺 422062
,22,成年人千万不要随便签字,403583
,23,美国宣布新一轮对俄制裁,375152
,24,山东广东疫情已得到初步控制,373597
,25,杨紫肖战余生请多指教一眼万年花絮,剧集 371873
,26,川航3U3839安全落地,363608
,27,盛光祖配合中央纪委国家监委纪律审查和监察调查,331107
,28,东航回应是否公布旅客名单,322405
,29,被回南天支配的恐惧,318557
,30,私募大佬但斌疑似空仓,297609
,31,童瑶冯绍峰心居婚姻陷危机,剧集 293270
,32,2022共和国已痛失8位院士,288531
,33,幼儿园招男老师的必要性,276530
,34,RedVelvet新歌初舞台,综艺 273626
,35,核心区发现飞机发动机齿轮箱和主起落架,269633
,36,外交部说北约侵略行径中国人民不会忘记,245513
,37,宋祖儿啄木鸟连吻黄子韬18次,剧集 244799
,38,来自46亿年前的天外礼物,242753
,39,就算隔离也隔离不了爱情,240582
,40,显卡报价雪崩,238374
,41,奥密克戎毒株流行的危害依然严重,229383
,42,搜救现场消防员被残片刺破受伤,207986
,43,东方医院回应护士因哮喘离世,200734
,44,洁婷道歉,197796
,45,坠机事故搜索范围扩大到近20万平方米,195533
,46,上海超市组志愿车队为封控小区送菜,183813
,47,男子回家被物业用强光手电照眼6次,167087
,48,救援人员已经穿上医用防护服,166470
,49,俄国防部点名拜登之子,164623
,50,我国新增本土感染者数量仍处于高位,157682
,,,
Time,No.,Content,Hotness
2022-03-25 18:15:01,,,
,,全面排查整治各行业领域安全隐患, 
,1,MU5735飞行事故搜救最新情况,3000062
,2,川航3U3839最新情况,2278389
,3,太空出差三人组下周将进入返回准备阶段,1952175
,•,庆余年1.5季,
,4,坠机事故现场发现遗物101件,1937229
,5,回南天,1737467
,6,中国民航报致歉,1501771
,7,真的不要再节食减肥了,1456045
,8,桂林山水甲天下真不是盖的,1374408
,9,已安排375名旅客家属到现场吊唁,1256573
,10,大连一公司称底薪争取全国最低,1063141
,11,上海00后女生教方言时薪六百,1027621
,12,黑匣子数据下载分析尚不能确定时间,972548
,13,中国日报记者遭美国前驻俄大使拉黑,741882
,14,3U3839起飞后出现机械故障返航,692650
,15,东航回应是否公布旅客名单,690750
,16,B站崩了,683082
,17,广州小蛮腰雨后美成水墨画,520014
,18,机组人员没有挂出任何紧急代码,455713
,19,老师在学生试卷上放热水袋秒变空白卷,379378
,20,上海辟谣某区菜市场全部关闭,350603
,21,湖南卫视综艺将停播一周,综艺 350567
,22,男子嫖娼被拘10天遭公司开除索赔14万,350467
,23,核心区发现飞机发动机齿轮箱和主起落架,350423
,24,成年人千万不要随便签字,350206
,25,拜登支持将俄罗斯排除出G20,343089
,26,被回南天支配的恐惧,318123
,27,川航3U3839安全落地,314064
,28,就算隔离也隔离不了爱情,296460
,29,盛光祖配合中央纪委国家监委纪律审查和监察调查,283985
,30,山东广东疫情已得到初步控制,276078
,31,童瑶冯绍峰心居婚姻陷危机,剧集 273150
,32,美国宣布新一轮对俄制裁,266196
,33,幼儿园招男老师的必要性,256129
,34,RedVelvet新歌初舞台,综艺 243582
,35,为每个失联旅客家庭安排三人小组专班,229498
,36,来自46亿年前的天外礼物,221125
,37,私募大佬但斌疑似空仓,219862
,38,外交部说北约侵略行径中国人民不会忘记,207811
,39,显卡报价雪崩,199362
,40,2022共和国已痛失8位院士,189151
,41,东方医院回应护士因哮喘离世,188953
,42,搜救现场消防员被残片刺破受伤,167182
,43,洁婷道歉,165482
,44,专家解答为何飞机故障返航要盘旋耗油,165178
,45,坠机事故搜索范围扩大到近20万平方米,165107
,46,上海超市组志愿车队为封控小区送菜,164724
,47,奥密克戎毒株流行的危害依然严重,157752
,48,30天内将向国际民航组织递交中英文初步调查报告,152383
,49,杨紫沉香如屑片场花絮视频,剧集 152127
,50,NCTDREAM新专辑全专试听,音乐 152025
,,,
Time,No.,Content,Hotness
2022-03-25 18:30:01,,,
,,全面排查整治各行业领域安全隐患, 
,1,MU5735飞行事故搜救最新情况,2778917
,2,男子嫖娼被拘10天遭公司开除索赔14万,2410603
,3,太空出差三人组下周将进入返回准备阶段,2224688
,•,3999元起荣耀Magic4开卖,
,4,坠机事故现场发现遗物101件,2181527
,5,川航3U3839最新情况,1903935
,6,回南天,1742668
,7,真的不要再节食减肥了,1418787
,8,已安排375名旅客家属到现场吊唁,1358390
,9,中国民航报致歉,1268494
,10,桂林山水甲天下真不是盖的,1153820
,11,黑匣子数据下载分析尚不能确定时间,1149388
,12,上海00后女生教方言时薪六百,1080752
,13,B站崩了,826042
,14,东航回应是否公布旅客名单,812604
,15,大连一公司称底薪争取全国最低,786834
,16,中国日报记者遭美国前驻俄大使拉黑,581460
,17,核心区发现飞机发动机齿轮箱和主起落架,579853
,18,3U3839起飞后出现机械故障返航,550935
,19,广州小蛮腰雨后美成水墨画,477583
,20,被回南天支配的恐惧,327268
,21,湖南卫视综艺将停播一周,综艺 325931
,22,机组人员没有挂出任何紧急代码,324256
,23,NCTDREAM新专辑全专试听,音乐 321596
,24,成年人千万不要随便签字,319951
,25,拜登支持将俄罗斯排除出G20,319375
,26,MU5735部分飞机残骸过火,314127
,27,上海辟谣某区菜市场全部关闭,301525
,28,川航3U3839安全落地,280090
,29,就算隔离也隔离不了爱情,279636
,30,为每个失联旅客家庭安排三人小组专班,274205
,31,童瑶冯绍峰心居婚姻陷危机,剧集 274187
,32,老师在学生试卷上放热水袋秒变空白卷,274167
,33,幼儿园招男老师的必要性,257948
,34,杨紫沉香如屑片场花絮视频,剧集 257360
,35,盛光祖配合中央纪委国家监委纪律审查和监察调查,251050
,36,原来夕阳在密谋着让我开心,236563
,37,山东广东疫情已得到初步控制,230135
,38,来自46亿年前的天外礼物,222379
,39,专家解答为何飞机故障返航要盘旋耗油,208746
,40,美国宣布新一轮对俄制裁,200102
,41,小米辞退不能胜任工作员工终审败诉,197276
,42,RedVelvet新歌初舞台,综艺 196143
,43,30天内将向国际民航组织递交中英文初步调查报告,186385
,44,显卡报价雪崩,184833
,45,私募大佬但斌疑似空仓,176812
,46,外交部说北约侵略行径中国人民不会忘记,166022
,47,东方医院回应护士因哮喘离世,163063
,48,洁婷道歉,161950
,49,黑匣子数据下载可能遇3种情况,158529
,50,上海超市组志愿车队为封控小区送菜,155081
,,,
Time,No.,Content,Hotness
2022-03-25 18:45:01,,,
,,全面排查整治各行业领域安全隐患, 
,1,MU5735飞行事故搜救最新情况,2349096
,2,回南天,1676466
,3,太空出差三人组下周将进入返回准备阶段,1524944
,4,男子嫖娼被拘10天遭公司开除索赔14万,1520411
,5,坠机事故现场发现遗物101件,1517483
,6,川航3U3839最新情况,1434568
,7,真的不要再节食减肥了,1268593
,8,已安排375名旅客家属到现场吊唁,1156388
,9,上海00后女生教方言时薪六百,1150088
,10,桂林山水甲天下真不是盖的,999937
,11,黑匣子数据下载分析尚不能确定时间,995897
,12,小米辞退不能胜任工作员工终审败诉,995542
,13,中国民航报致歉,951211
,14,东航回应是否公布旅客名单,948388
,15,B站崩了,934828
,16,大连一公司称底薪争取全国最低,544947
,17,MU5735部分飞机残骸过火,525486
,18,3U3839起飞后出现机械故障返航,468200
,19,中国日报记者遭美国前驻俄大使拉黑,462458
,20,广州小蛮腰雨后美成水墨画,456713
,21,湖南卫视综艺将停播一周,综艺 456288
,22,核心区发现飞机发动机齿轮箱和主起落架,439959
,23,被回南天支配的恐惧,409550
,24,NCTDREAM新专辑全专试听,音乐 372122
,25,机组人员没有挂出任何紧急代码,342189
,26,原来夕阳在密谋着让我开心,306954
,27,任嘉伦与君初相识终于切大号了,剧集 306356
,28,为每个失联旅客家庭安排三人小组专班,302238
,29,成年人千万不要随便签字,274085
,30,拜登支持将俄罗斯排除出G20,270484
,31,童瑶冯绍峰心居婚姻陷危机,剧集 266394
,32,上海辟谣某区菜市场全部关闭,255950
,33,就算隔离也隔离不了爱情,250749
,34,顾魏是教科书式的模范男友吧,剧集 249234
,35,川航3U3839安全落地,240352
,36,幼儿园招男老师的必要性,234162
,37,杨紫沉香如屑片场花絮视频,剧集 233489
,38,黑匣子数据下载可能遇3种情况,232254
,39,又是误食磁力珠,231598
,40,来自46亿年前的天外礼物,205148
,41,山东广东疫情已得到初步控制,204003
,42,盛光祖配合中央纪委国家监委纪律审查和监察调查,199362
,43,专家解答为何飞机故障返航要盘旋耗油,198327
,44,居家隔离期间学会了新技能,190519
,45,老师在学生试卷上放热水袋秒变空白卷,184977
,46,30天内将向国际民航组织递交中英文初步调查报告,168490
,47,美国宣布新一轮对俄制裁,165568
,48,显卡报价雪崩,163752
,49,洁婷道歉,142988
,50,外交部说北约侵略行径中国人民不会忘记,141924
,,,
Time,No.,Content,Hotness
2022-03-25 19:00:01,,,
,,全面排查整治各行业领域安全隐患, 
,1,回南天,2255364
,2,MU5735飞行事故搜救最新情况,2246121
,3,太空出差三人组下周将进入返回准备阶段,2079947
,•,庆余年1.5季,
,4,男子嫖娼被拘10天遭公司开除索赔14万,2076679
,5,小米辞退不能胜任工作员工终审败诉,2028881
,6,坠机事故现场发现遗物101件,1462992
,•,第一部手机,
,7,川航3U3839最新情况,1253789
,8,上海00后女生教方言时薪六百,1208088
,9,真的不要再节食减肥了,983806
,10,桂林山水甲天下真不是盖的,924082
,11,黑匣子数据下载分析尚不能确定时间,922538
,12,B站崩了,920625
,13,中国民航报致歉,735884
,14,MU5735部分飞机残骸过火,715676
,15,被回南天支配的恐惧,497766
,16,大连一公司称底薪争取全国最低,456670
,17,东航回应是否公布旅客名单,456621
,18,广州小蛮腰雨后美成水墨画,451038
,19,3U3839起飞后出现机械故障返航,425578
,20,已安排375名旅客家属到现场吊唁,422089
,21,湖南卫视综艺将停播一周,综艺 412262
,22,任嘉伦与君初相识终于切大号了,剧集 398598
,23,核心区发现飞机发动机齿轮箱和主起落架,393439
,24,中国日报记者遭美国前驻俄大使拉黑,386622
,25,StrayKids音银一位,综艺 327746
,26,机组人员没有挂出任何紧急代码,327434
,27,又是误食磁力珠,325633
,28,原来夕阳在密谋着让我开心,277295
,29,为每个失联旅客家庭安排三人小组专班,277089
,30,拜登支持将俄罗斯排除出G20,275980
,31,童瑶冯绍峰心居婚姻陷危机,剧集 275969
,32,黑匣子数据下载可能遇3种情况,275817
,33,就算隔离也隔离不了爱情,266121
,34,顾魏是教科书式的模范男友吧,剧集 264710
,35,居家隔离期间学会了新技能,259466
,36,传统非遗绝技可以有多惊艳,240322
,37,上海辟谣某区菜市场全部关闭,234065
,38,幼儿园招男老师的必要性,220340
,39,成年人千万不要随便签字,213926
,40,川航3U3839安全落地,207971
,41,山东广东疫情已得到初步控制,198160
,42,来自46亿年前的天外礼物,197516
,43,春季微胖穿搭避雷指南,195711
,44,专家解答为何飞机故障返航要盘旋耗油,188859
,45,原来VR竟然是这样玩的,180166
,46,欧洲议员说不能用美国肮脏天然气替代俄气,177008
,47,盛光祖配合中央纪委国家监委纪律审查和监察调查,167734
,48,显卡报价雪崩,144841
,49,美国宣布新一轮对俄制裁,141836
,50,老师在学生试卷上放热水袋秒变空白卷,137633
,,,
Time,No.,Content,Hotness
2022-03-25 19:15:01,,,
,,全面排查整治各行业领域安全隐患, 
,1,回南天,3367283
,2,小米辞退不能胜任工作员工终审败诉,2494752
,3,太空出差三人组下周将进入返回准备阶段,2043371
,•,庆余年1.5季,
,4,男子嫖娼被拘10天遭公司开除索赔14万,1963128
,5,MU5735飞行事故搜救最新情况,1683565
,6,川航3U3839最新情况,1267661
,•,第一部手机,
,7,上海00后女生教方言时薪六百,1027766
,8,坠机事故现场发现遗物101件,1026644
,9,B站崩了,1006256
,10,真的不要再节食减肥了,879526
,11,黑匣子数据下载分析尚不能确定时间,865295
,12,桂林山水甲天下真不是盖的,786685
,13,中国民航报致歉,588002
,14,MU5735部分飞机残骸过火,556451
,15,被回南天支配的恐惧,524388
,16,广州小蛮腰雨后美成水墨画,417601
,17,东航回应是否公布旅客名单,403633
,18,3U3839起飞后出现机械故障返航,358838
,19,欧洲议员说不能用美国肮脏天然气替代俄气,338691
,20,核心区发现飞机发动机齿轮箱和主起落架,338651
,21,湖南卫视综艺将停播一周,综艺 336347
,22,任嘉伦与君初相识终于切大号了,剧集 336064
,23,已安排375名旅客家属到现场吊唁,334152
,24,又是误食磁力珠,333927
,25,大连一公司称底薪争取全国最低,331698
,26,机组人员没有挂出任何紧急代码,329530
,27,中国日报记者遭美国前驻俄大使拉黑,326916
,28,就算隔离也隔离不了爱情,263693
,29,为每个失联旅客家庭安排三人小组专班,252222
,30,拜登支持将俄罗斯排除出G20,237940
,31,童瑶冯绍峰心居婚姻陷危机,剧集 237938
,32,黑匣子数据下载可能遇3种情况,237938
,33,居家隔离期间学会了新技能,237116
,34,顾魏是教科书式的模范男友吧,剧集 231729
,35,传统非遗绝技可以有多惊艳,225148
,36,幼儿园招男老师的必要性,203468
,37,见过最有压迫感的特效化妆,203099
,38,StrayKids音银一位,综艺 202432
,39,上海辟谣某区菜市场全部关闭,201303
,40,山东广东疫情已得到初步控制,196265
,41,来自46亿年前的天外礼物,186920
,42,专家解答为何飞机故障返航要盘旋耗油,171498
,43,川航3U3839安全落地,169498
,44,春季微胖穿搭避雷指南,166838
,45,盛光祖配合中央纪委国家监委纪律审查和监察调查,163346
,46,成年人千万不要随便签字,149278
,47,裴珠泫新歌舞台直拍,综艺 144472
,48,美国宣布新一轮对俄制裁,131864
,49,新冠抗原检测价格项目不高于每人次5元,130092
,50,花云的李元芳,108282
,,,
Time,No.,Content,Hotness
2022-03-25 19:45:01,,,
,,全面排查整治各行业领域安全隐患, 
,1,回南天,4331215
,2,小米辞退不能胜任工作员工终审败诉,2278475
,3,太空出差三人组下周将进入返回准备阶段,2183510
,4,男子嫖娼被拘10天遭公司开除索赔14万,2179322
,5,MU5735飞行事故搜救最新情况,1484482
,6,川航3U3839最新情况,1149460
,7,上海00后女生教方言时薪六百,874532
,8,坠机事故现场发现遗物101件,858271
,9,桂林山水甲天下真不是盖的,774174
,10,B站崩了,618745
,11,MU5735部分飞机残骸过火,600607
,12,真的不要再节食减肥了,582437
,13,欧洲议员说不能用美国肮脏天然气替代俄气,578931
,14,黑匣子数据下载分析尚不能确定时间,571176
,15,被回南天支配的恐惧,557193
,16,中国女足上升3位排名世界第16,476189
,17,东航回应是否公布旅客名单,473548
,18,新冠抗原检测价格项目不高于每人次5元,465479
,19,中国民航报致歉,449348
,20,又是误食磁力珠,390579
,21,湖南卫视综艺将停播一周,综艺 381563
,22,顾魏相亲被林之校撞见,剧集 373175
,23,为每个失联旅客家庭安排三人小组专班,327936
,24,故宫博物院4月1日实行旺季开放时间与票价,300819
,25,广州小蛮腰雨后美成水墨画,295244
,26,核心区发现飞机发动机齿轮箱和主起落架,294836
,27,3U3839起飞后出现机械故障返航,292963
,28,山东核酸检测贴纸太可爱了叭,254690
,29,已安排375名旅客家属到现场吊唁,251805
,30,大连一公司称底薪争取全国最低,246106
,31,童瑶冯绍峰心居婚姻陷危机,剧集 245041
,32,黑匣子数据下载可能遇3种情况,244983
,33,就算隔离也隔离不了爱情,243343
,34,中国日报记者遭美国前驻俄大使拉黑,242652
,35,机组人员没有挂出任何紧急代码,227379
,36,上海辟谣某区菜市场全部关闭,195955
,37,拜登支持将俄罗斯排除出G20,195861
,38,任嘉伦与君初相识终于切大号了,剧集 195094
,39,居家隔离期间学会了新技能,194254
,40,来自46亿年前的天外礼物,188899
,41,专家解答为何飞机故障返航要盘旋耗油,167213
,42,传统非遗绝技可以有多惊艳,156370
,43,幼儿园招男老师的必要性,153077
,44,山东广东疫情已得到初步控制,152378
,45,川航3U3839安全落地,139555
,46,花云的李元芳,126726
,47,盛光祖配合中央纪委国家监委纪律审查和监察调查,118838
,48,Irene新歌音银直拍,综艺 115706
,49,美国宣布新一轮对俄制裁,108628
,50,椋鸟迁徙的场面有多壮观,106661
,,,
Time,No.,Content,Hotness
2022-03-25 20:00:01,,,
,,全面排查整治各行业领域安全隐患, 
,1,回南天,4104052
,2,小米辞退不能胜任工作员工终审败诉,2058287
,3,太空出差三人组下周将进入返回准备阶段,2051861
,4,男子嫖娼被拘10天遭公司开除索赔14万,2048216
,5,MU5735飞行事故搜救最新情况,1468715
,6,川航3U3839最新情况,1094536
,•,第一部手机,
,7,上海00后女生教方言时薪六百,834204
,8,坠机事故现场发现遗物101件,801111
,9,桂林山水甲天下真不是盖的,750110
,10,被回南天支配的恐惧,663251
,11,MU5735部分飞机残骸过火,654105
,12,欧洲议员说不能用美国肮脏天然气替代俄气,624723
,13,山东核酸检测贴纸太可爱了叭,534167
,14,黑匣子数据下载分析尚不能确定时间,531321
,15,真的不要再节食减肥了,518945
,16,中国女足上升3位排名世界第16,516394
,17,东航回应是否公布旅客名单,508488
,18,B站崩了,463424
,19,新冠抗原检测价格项目不高于每人次5元,415509
,20,又是误食磁力珠,404089
,21,湖南卫视综艺将停播一周,综艺 395354
,22,故宫博物院4月1日实行旺季开放时间与票价,385893
,23,蛀牙烂到牙神经有多疼,375600
,24,黑匣子数据下载可能遇3种情况,367621
,25,中国民航报致歉,361474
,26,广州小蛮腰雨后美成水墨画,286033
,27,为每个失联旅客家庭安排三人小组专班,280984
,28,3U3839起飞后出现机械故障返航,248985
,29,中国日报记者遭美国前驻俄大使拉黑,219509
,30,核心区发现飞机发动机齿轮箱和主起落架,217082
,31,dew 花泽类,剧集 215814
,32,大连一公司称底薪争取全国最低,213926
,33,已安排375名旅客家属到现场吊唁,213289
,34,童瑶冯绍峰心居婚姻陷危机,剧集 211583
,35,就算隔离也隔离不了爱情,209778
,36,机组人员没有挂出任何紧急代码,209319
,37,男生女生向前冲节目组呼吁请勿替他人报名,综艺 208731
,38,大学生嗓子疼就医查出急危重症,205631
,39,拜登支持将俄罗斯排除出G20,192186
,40,上海辟谣某区菜市场全部关闭,187587
,41,来自46亿年前的天外礼物,186584
,42,居家隔离期间学会了新技能,179189
,43,救援人员向失联旅客家属行礼,165159
,44,椋鸟迁徙的场面有多壮观,152769
,45,传统非遗绝技可以有多惊艳,150109
,46,专家解答为何飞机故障返航要盘旋耗油,139001
,47,幼儿园招男老师的必要性,134979
,48,川航3U3839安全落地,130662
,49,工作上的事要和爸妈说吗,123339
,50,山东广东疫情已得到初步控制,122033
,,,
Time,No.,Content,Hotness
2022-03-25 20:15:01,,,
,,全面排查整治各行业领域安全隐患, 
,1,回南天,4046395
,2,小米辞退不能胜任工作员工终审败诉,1676624
,3,太空出差三人组下周将进入返回准备阶段,1525471
,•,荣耀耳机卷起来了,
,4,男子嫖娼被拘10天遭公司开除索赔14万,1525301
,5,MU5735飞行事故搜救最新情况,1487797
,6,蛀牙烂到牙神经有多疼,1296640
,•,明星V放送,
,7,川航3U3839最新情况,1055593
,8,坠机事故现场发现遗物101件,1013668
,9,被回南天支配的恐惧,719729
,10,上海00后女生教方言时薪六百,713078
,11,大学生嗓子疼就医查出急危重症,698757
,12,MU5735部分飞机残骸过火,694720
,13,桂林山水甲天下真不是盖的,641500
,14,山东核酸检测贴纸太可爱了叭,626382
,15,黑匣子数据下载分析尚不能确定时间,619178
,16,欧洲议员说不能用美国肮脏天然气替代俄气,542363
,17,中国女足上升3位排名世界第16,505291
,18,东航回应是否公布旅客名单,490683
,19,真的不要再节食减肥了,426113
,20,新冠抗原检测价格项目不高于每人次5元,363955
,21,肖战顾魏日日相伴不负相遇剧照,剧集 362561
,22,男生女生向前冲节目组呼吁请勿替他人报名,综艺 361434
,23,故宫博物院4月1日实行旺季开放时间与票价,360177
,24,救援人员向失联旅客家属行礼,326829
,25,又是误食磁力珠,324822
,26,B站崩了,279463
,27,黑匣子数据下载可能遇3种情况,278869
,28,工作上的事要和爸妈说吗,278032
,29,中国民航报致歉,259285
,30,广州小蛮腰雨后美成水墨画,237626
,31,dew 花泽类,剧集 235145
,32,胡辣汤也太香了,232616
,33,为每个失联旅客家庭安排三人小组专班,220430
,34,湖南卫视综艺将停播一周,综艺 220071
,35,3U3839起飞后出现机械故障返航,218070
,36,核心区发现飞机发动机齿轮箱和主起落架,210508
,37,童瑶冯绍峰心居婚姻陷危机,剧集 201992
,38,中国日报记者遭美国前驻俄大使拉黑,191966
,39,机组人员没有挂出任何紧急代码,189892
,40,来自46亿年前的天外礼物,184826
,41,拜登支持将俄罗斯排除出G20,181274
,42,已安排375名旅客家属到现场吊唁,180052
,43,中国女足亚洲排名第4,174399
,44,大连一公司称底薪争取全国最低,172524
,45,上海辟谣某区菜市场全部关闭,171529
,46,传统非遗绝技可以有多惊艳,163871
,47,椋鸟迁徙的场面有多壮观,160256
,48,吴彤回应网友喜欢的嘉宾没看够,综艺 159924
,49,什么样的感情最值得羡慕,157617
,50,就算隔离也隔离不了爱情,142137
,,,
Time,No.,Content,Hotness
2022-03-25 20:45:01,,,
,,全面排查整治各行业领域安全隐患, 
,1,回南天,3324595
,2,大学生嗓子疼就医查出急危重症,2903996
,3,太空出差三人组下周将进入返回准备阶段,1997326
,4,蛀牙烂到牙神经有多疼,1944452
,5,男子嫖娼被拘10天遭公司开除索赔14万,1730985
,6,MU5735飞行事故搜救最新情况,1419887
,7,小米辞退不能胜任工作员工终审败诉,1304101
,8,川航3U3839最新情况,895896
,9,坠机事故现场发现遗物101件,870567
,10,山东核酸检测贴纸太可爱了叭,771522
,11,被回南天支配的恐惧,691903
,12,MU5735部分飞机残骸过火,635662
,13,桂林山水甲天下真不是盖的,543530
,14,上海00后女生教方言时薪六百,485578
,15,救援人员向失联旅客家属行礼,473861
,16,中国女足上升3位排名世界第16,422485
,17,欧洲议员说不能用美国肮脏天然气替代俄气,408471
,18,东航回应是否公布旅客名单,401850
,19,工作上的事要和爸妈说吗,371266
,20,真的不要再节食减肥了,364356
,21,男生女生向前冲节目组呼吁请勿替他人报名,综艺 363666
,22,肖战顾魏日日相伴不负相遇剧照,剧集 360399
,23,胡辣汤也太香了,352867
,24,18年前的国产爱情剧,剧集 351802
,25,日本人公开吐槽华为,348079
,26,什么样的感情最值得羡慕,344818
,27,女生无法拒绝的绝美口棕,341313
,28,黑匣子数据下载分析尚不能确定时间,311715
,29,故宫博物院4月1日实行旺季开放时间与票价,297383
,30,中国女足亚洲排名第4,288027
,31,吴彤回应网友喜欢的嘉宾没看够,综艺 281388
,32,dew 花泽类,剧集 280784
,33,黑匣子数据下载可能遇3种情况,280585
,34,敦煌鸣沙山下雪了,271619
,35,湖南卫视综艺将停播一周,综艺 270433
,36,新冠抗原检测价格项目不高于每人次5元,261306
,37,酸辣白菜豆腐到底有多下饭,209562
,38,机组人员没有挂出任何紧急代码,201785
,39,又是误食磁力珠,201397
,40,广州小蛮腰雨后美成水墨画,174832
,41,今日发现的橙色碎片不是第二个黑匣子,174722
,42,中国日报记者遭美国前驻俄大使拉黑,174546
,43,天剑韧心鬼切手办,162598
,44,核心区发现飞机发动机齿轮箱和主起落架,162513
,45,拜登支持将俄罗斯排除出G20,162506
,46,3U3839起飞后出现机械故障返航,162235
,47,为每个失联旅客家庭安排三人小组专班,162142
,48,来自46亿年前的天外礼物,161092
,49,中国民航报致歉,154298
,50,上海辟谣某区菜市场全部关闭,144176
,,,
Time,No.,Content,Hotness
2022-03-25 21:00:01,,,
,,全面排查整治各行业领域安全隐患, 
,1,回南天,3328390
,2,大学生嗓子疼就医查出急危重症,2887658
,3,太空出差三人组下周将进入返回准备阶段,2263946
,4,蛀牙烂到牙神经有多疼,2127073
,5,男子嫖娼被拘10天遭公司开除索赔14万,1619612
,6,MU5735飞行事故搜救最新情况,1419431
,•,影视e周说,
,7,小米辞退不能胜任工作员工终审败诉,1097088
,8,川航3U3839最新情况,858340
,9,坠机事故现场发现遗物101件,826446
,10,山东核酸检测贴纸太可爱了叭,785497
,11,日本人公开吐槽华为,774877
,12,被回南天支配的恐惧,730761
,13,比下雨天更可怕的是回南天,705686
,14,MU5735部分飞机残骸过火,652778
,15,女生无法拒绝的绝美口棕,533915
,16,桂林山水甲天下真不是盖的,484714
,17,救援人员向失联旅客家属行礼,483101
,18,酸辣白菜豆腐到底有多下饭,439791
,19,上海00后女生教方言时薪六百,389109
,20,今日发现的橙色碎片不是第二个黑匣子,388499
,21,男生女生向前冲节目组呼吁请勿替他人报名,综艺 387454
,22,胡辣汤也太香了,386680
,23,18年前的国产爱情剧,剧集 385567
,24,东航回应是否公布旅客名单,385106
,25,工作上的事要和爸妈说吗,332055
,26,中国女足上升3位排名世界第16,323686
,27,欧洲议员说不能用美国肮脏天然气替代俄气,322987
,28,黑匣子数据下载可能遇3种情况,306103
,29,真的不要再节食减肥了,294009
,30,什么样的感情最值得羡慕,275354
,31,吴彤回应网友喜欢的嘉宾没看够,综艺 263841
,32,dew 花泽类,剧集 258671
,33,故宫博物院4月1日实行旺季开放时间与票价,251819
,34,敦煌鸣沙山下雪了,242045
,35,迪丽热巴纪云禾无实物表演太带感了,剧集 239856
,36,黑匣子数据下载分析尚不能确定时间,233382
,37,新冠抗原检测价格项目不高于每人次5元,198564
,38,泰版花泽类有多上头,电影 196747
,39,浙江丽水萤火虫美如星海,193348
,40,救援人员每天离场前列队三鞠躬,187822
,41,机组人员没有挂出任何紧急代码,187351
,42,WE对战狼队,175476
,43,天剑韧心鬼切手办,160465
,44,核心区发现飞机发动机齿轮箱和主起落架,157940
,45,广州小蛮腰雨后美成水墨画,152442
,46,中国日报记者遭美国前驻俄大使拉黑,150659
,47,3U3839起飞后出现机械故障返航,144800
,48,又是误食磁力珠,139140
,49,拜登支持将俄罗斯排除出G20,139128
,50,为每个失联旅客家庭安排三人小组专班,138328
,,,
Time,No.,Content,Hotness
2022-03-25 21:15:01,,,
,,全面排查整治各行业领域安全隐患, 
,1,回南天,3091305
,2,大学生嗓子疼就医查出急危重症,2770462
,3,太空出差三人组下周将进入返回准备阶段,2157630
,4,蛀牙烂到牙神经有多疼,1948013
,5,男子嫖娼被拘10天遭公司开除索赔14万,1510866
,6,MU5735飞行事故搜救最新情况,1415517
,7,小米辞退不能胜任工作员工终审败诉,1006386
,8,川航3U3839最新情况,761330
,9,坠机事故现场发现遗物101件,753257
,10,被回南天支配的恐惧,721673
,11,日本人公开吐槽华为,719172
,12,今日发现的橙色碎片不是第二个黑匣子,719070
,13,比下雨天更可怕的是回南天,712516
,14,山东核酸检测贴纸太可爱了叭,699890
,15,救援人员向失联旅客家属行礼,689889
,16,酸辣白菜豆腐到底有多下饭,484174
,17,桂林山水甲天下真不是盖的,412417
,18,MU5735部分飞机残骸过火,407799
,19,工作上的事要和爸妈说吗,366176
,20,救援人员每天离场前列队三鞠躬,363711
,21,男生女生向前冲节目组呼吁请勿替他人报名,综艺 362048
,22,余生请多指教,剧集 361468
,23,18年前的国产爱情剧,剧集 359307
,24,林孝埈隔着屏幕为妈妈过生日,357223
,25,东航回应是否公布旅客名单,354735
,26,浙江丽水萤火虫美如星海,354367
,27,上海00后女生教方言时薪六百,346060
,28,黑匣子数据下载可能遇3种情况,343677
,29,欧洲议员说不能用美国肮脏天然气替代俄气,297202
,30,什么样的感情最值得羡慕,272191
,31,迪丽热巴纪云禾无实物表演太带感了,剧集 271789
,32,真的不要再节食减肥了,269981
,33,中国女足上升3位排名世界第16,259211
,34,泰版花泽类有多上头,电影 258326
,35,敦煌鸣沙山下雪了,217726
,36,女生无法拒绝的绝美口棕,214679
,37,黑匣子数据下载分析尚不能确定时间,202957
,38,故宫博物院4月1日实行旺季开放时间与票价,197336
,39,重庆狼队十连胜,188989
,40,核心区发现飞机发动机齿轮箱和主起落架,174635
,41,中国日报记者遭美国前驻俄大使拉黑,158971
,42,新冠抗原检测价格项目不高于每人次5元,148194
,43,胡辣汤也太香了,143842
,44,机组人员没有挂出任何紧急代码,142297
,45,广州小蛮腰雨后美成水墨画,137859
,46,OMG对战RNG,136120
,47,WE对战狼队,129389
,48,手机拍出花墙氛围照攻略,124666
,49,dew 花泽类,剧集 123747
,50,吴彤回应网友喜欢的嘉宾没看够,综艺 123181
,,,
Time,No.,Content,Hotness
2022-03-25 21:30:01,,,
,,全面排查整治各行业领域安全隐患, 
,1,回南天,2974843
,2,大学生嗓子疼就医查出急危重症,2273492
,3,4月1日起交通违法记分将调整,2111961
,4,蛀牙烂到牙神经有多疼,2038549
,5,男子嫖娼被拘10天遭公司开除索赔14万,1428601
,6,MU5735飞行事故搜救最新情况,1393920
,7,比下雨天更可怕的是回南天,1127261
,8,小米辞退不能胜任工作员工终审败诉,945568
,9,坠机事故现场发现遗物101件,941119
,10,川航3U3839最新情况,666890
,11,日本人公开吐槽华为,665532
,12,今日发现的橙色碎片不是第二个黑匣子,660618
,13,女孩被狗咬20天未愈伤口内发现药棉,652350
,14,山东核酸检测贴纸太可爱了叭,585096
,15,救援人员向失联旅客家属行礼,584756
,16,被回南天支配的恐惧,569496
,17,救援人员每天离场前列队三鞠躬,566883
,18,MU5735部分飞机残骸过火,550818
,19,浙江丽水萤火虫美如星海,475397
,20,酸辣白菜豆腐到底有多下饭,449137
,21,男生女生向前冲节目组呼吁请勿替他人报名,综艺 448356
,22,桂林山水甲天下真不是盖的,403810
,23,东航回应是否公布旅客名单,395165
,24,工作上的事要和爸妈说吗,325608
,25,上海00后女生教方言时薪六百,324075
,26,林孝埈隔着屏幕为妈妈过生日,321468
,27,黑匣子数据下载可能遇3种情况,316474
,28,太空出差三人组下周将进入返回准备阶段,309022
,29,欧洲议员说不能用美国肮脏天然气替代俄气,307841
,30,什么样的感情最值得羡慕,283650
,31,檀健次扮演的画像师有多绝,剧集 283369
,32,敦煌鸣沙山下雪了,282772
,33,真的不要再节食减肥了,239092
,34,迪丽热巴纪云禾无实物表演太带感了,剧集 238424
,35,重庆狼队十连胜,236986
,36,OMG对战RNG,221634
,37,中国女足上升3位排名世界第16,213692
,38,核心区发现飞机发动机齿轮箱和主起落架,210329
,39,回南天如何减湿除湿,185350
,40,泰版花泽类有多上头,剧集 184426
,41,黑匣子数据下载分析尚不能确定时间,182249
,42,手机拍出花墙氛围照攻略,177254
,43,故宫博物院4月1日实行旺季开放时间与票价,172168
,44,18年前的国产爱情剧,剧集 171646
,45,机组人员没有挂出任何紧急代码,168732
,46,余生请多指教,剧集 167792
,47,中国日报记者遭美国前驻俄大使拉黑,165719
,48,妖刀黄忠是移动炮台吧,136062
,49,广州小蛮腰雨后美成水墨画,135665
,50,雨后的桂林像极了水墨画,129426
,,,
Time,No.,Content,Hotness
2022-03-25 21:45:01,,,
,,人民日报论十个明确, 
,1,回南天,2907996
,2,大学生嗓子疼就医查出急危重症,1998362
,3,4月1日起交通违法记分将调整,1980671
,4,蛀牙烂到牙神经有多疼,1972472
,5,女孩被狗咬20天未愈伤口内发现药棉,1792862
,6,MU5735飞行事故搜救最新情况,1459980
,7,男子嫖娼被拘10天遭公司开除索赔14万,1310787
,8,比下雨天更可怕的是回南天,1098099
,9,坠机事故现场发现遗物101件,815155
,10,小米辞退不能胜任工作员工终审败诉,761246
,11,日本人公开吐槽华为,740135
,12,今日发现的橙色碎片不是第二个黑匣子,708168
,13,救援人员每天离场前列队三鞠躬,602222
,14,川航3U3839最新情况,557047
,15,MU5735部分飞机残骸过火,550170
,16,山东核酸检测贴纸太可爱了叭,512842
,17,浙江丽水萤火虫美如星海,505172
,18,救援人员向失联旅客家属行礼,503182
,19,被回南天支配的恐惧,488547
,20,酸辣白菜豆腐到底有多下饭,441429
,21,男生女生向前冲节目组呼吁请勿替他人报名,综艺 438296
,22,顾魏林之校烟花吻,剧集 423327
,23,上海一男子变造核酸检测报告日期被行政拘留,391004
,24,黑匣子数据下载可能遇3种情况,366795
,25,桂林山水甲天下真不是盖的,347826
,26,敦煌鸣沙山下雪了,302895
,27,东航回应是否公布旅客名单,296378
,28,欧洲议员说不能用美国肮脏天然气替代俄气,285890
,29,上海00后女生教方言时薪六百,275951
,30,工作上的事要和爸妈说吗,275176
,31,檀健次扮演的画像师有多绝,剧集 272479
,32,什么样的感情最值得羡慕,264861
,33,回南天如何减湿除湿,258728
,34,胡歌说要用作品说话,电影 252931
,35,91岁退伍飞行员拒绝上门服务排队核酸,240707
,36,真的不要再节食减肥了,221620
,37,手机拍出花墙氛围照攻略,218596
,38,核心区发现飞机发动机齿轮箱和主起落架,214100
,39,OMG对战RNG,207193
,40,中国女足上升3位排名世界第16,164764
,41,黑匣子数据下载分析尚不能确定时间,164093
,42,重庆狼队十连胜,162934
,43,妖刀黄忠是移动炮台吧,161447
,44,机组人员没有挂出任何紧急代码,158844
,45,中国日报记者遭美国前驻俄大使拉黑,154252
,46,故宫博物院4月1日实行旺季开放时间与票价,145725
,47,广州小蛮腰雨后美成水墨画,119847
,48,官方通报芜湖一小区保洁被电梯挤死,116201
,49,雨后的桂林像极了水墨画,97317
,50,太空出差三人组下周将进入返回准备阶段,96743
,,,
Time,No.,Content,Hotness
2022-03-25 22:15:01,,,
,,人民日报论十个明确, 
,1,回南天,2768983
,2,蛀牙烂到牙神经有多疼,2450120
,3,4月1日起交通违法记分将调整,2361151
,•,这届爸妈太会了,
,4,女孩被狗咬20天未愈伤口内发现药棉,2301303
,5,大学生嗓子疼就医查出急危重症,1437751
,6,今日发现的橙色碎片不是第二个黑匣子,1397275
,7,男子嫖娼被拘10天遭公司开除索赔14万,1219164
,8,比下雨天更可怕的是回南天,924974
,9,MU5735飞行事故搜救最新情况,920613
,10,上海一男子变造核酸检测报告日期被行政拘留,865865
,11,日本人公开吐槽华为,863035
,12,91岁退伍飞行员拒绝上门服务排队核酸,820149
,13,官方通报芜湖一小区保洁被电梯挤死,744730
,14,坠机事故现场发现遗物101件,688440
,15,小米辞退不能胜任工作员工终审败诉,626482
,16,救援人员每天离场前列队三鞠躬,512640
,17,MU5735部分飞机残骸过火,512048
,18,浙江丽水萤火虫美如星海,495995
,19,川航3U3839最新情况,450712
,20,山东核酸检测贴纸太可爱了叭,399924
,21,顾魏林之校烟花吻,剧集 396001
,22,黑匣子数据下载可能遇3种情况,389325
,23,被回南天支配的恐惧,385917
,24,顾魏情话满级,剧集 384690
,25,救援人员向失联旅客家属行礼,356452
,26,酸辣白菜豆腐到底有多下饭,330784
,27,桂林山水甲天下真不是盖的,306069
,28,东航回应是否公布旅客名单,306039
,29,RNG获得复活甲,305575
,30,面试就是一个复盘的过程,302374
,31,男生女生向前冲节目组呼吁请勿替他人报名,综艺 300951
,32,什么样的感情最值得羡慕,286678
,33,欧洲议员说不能用美国肮脏天然气替代俄气,253415
,34,檀健次扮演的画像师有多绝,剧集 253346
,35,敦煌鸣沙山下雪了,247488
,36,爱心企业向吉林高校捐赠果汁,240107
,37,胡歌说要用作品说话,电影 239610
,38,单亲妈妈打工挣钱陪10岁儿子化疗,236173
,39,上海00后女生教方言时薪六百,214755
,40,长意眼神变狠了,剧集 208771
,41,RNG战胜OMG,197085
,42,工作上的事要和爸妈说吗,196583
,43,核心区发现飞机发动机齿轮箱和主起落架,187576
,44,真的不要再节食减肥了,182303
,45,回南天如何减湿除湿,172760
,46,黑匣子数据下载分析尚不能确定时间,149721
,47,手机拍出花墙氛围照攻略,143447
,48,中国女足上升3位排名世界第16,135372
,49,机组人员没有挂出任何紧急代码,135206
,50,中国日报记者遭美国前驻俄大使拉黑,132341
,,,
Time,No.,Content,Hotness
2022-03-25 22:45:01,,,
,,全面排查整治各行业领域安全隐患, 
,1,回南天,2551276
,2,蛀牙烂到牙神经有多疼,2227346
,3,4月1日起交通违法记分将调整,2227283
,•,庆余年1.5季,
,4,女孩被狗咬20天未愈伤口内发现药棉,2227243
,5,91岁退伍飞行员拒绝上门服务排队核酸,1818411
,6,今日发现的橙色碎片不是第二个黑匣子,1694546
,•,电影二创榜,
,7,大学生嗓子疼就医查出急危重症,1367037
,8,男子嫖娼被拘10天遭公司开除索赔14万,1105054
,9,MU5735飞行事故搜救最新情况,1022251
,10,上海一男子变造核酸检测报告日期被行政拘留,876705
,11,日本人公开吐槽华为,791258
,12,官方通报芜湖一小区保洁被电梯挤死,768344
,13,面试就是一个复盘的过程,701996
,14,比下雨天更可怕的是回南天,650678
,15,坠机事故现场发现遗物101件,523279
,16,浙江丽水萤火虫美如星海,508825
,17,小米辞退不能胜任工作员工终审败诉,491537
,18,MU5735部分飞机残骸过火,461356
,19,救援人员每天离场前列队三鞠躬,409449
,20,川航3U3839最新情况,397348
,21,黑匣子数据下载可能遇3种情况,393620
,22,爱心企业向吉林高校捐赠果汁,380094
,23,山东核酸检测贴纸太可爱了叭,373744
,24,RNG获得复活甲,351470
,25,单亲妈妈打工挣钱陪10岁儿子化疗,330701
,26,上海嘉定辟谣,330462
,27,东航回应是否公布旅客名单,323820
,28,欧洲议员说不能用美国肮脏天然气替代俄气,276478
,29,敦煌鸣沙山下雪了,270122
,30,救援人员向失联旅客家属行礼,264231
,31,朴宰灿看中国粉丝应援弹幕reaction,259849
,32,LPL季后赛,254595
,33,上海00后女生教方言时薪六百,232545
,34,女子当妈后寻找26年前小护士,228433
,35,欧盟与美国达成大额天然气交易,221390
,36,回南天如何减湿除湿,218373
,37,什么样的感情最值得羡慕,213948
,38,走失萌娃强调是妈妈走丢了,212199
,39,牙买加总理当着威廉王子面称要独立,209778
,40,真的不要再节食减肥了,187380
,41,核心区发现飞机发动机齿轮箱和主起落架,177472
,42,手机拍出花墙氛围照攻略,158297
,43,美前高官称美国发动的许多战争都正当,149371
,44,机组人员没有挂出任何紧急代码,148914
,45,春天和云南的适配度有多高,141844
,46,工作上的事要和爸妈说吗,141765
,47,黑匣子数据下载分析尚不能确定时间,132720
,48,中国女足上升3位排名世界第16,118050
,49,卫龙辣条包装被指打低俗擦边球,98772
,50,被回南天支配的恐惧,96500
,,,
Time,No.,Content,Hotness
2022-03-25 23:00:01,,,
,,人民日报论十个明确, 
,1,回南天,2453761
,2,蛀牙烂到牙神经有多疼,2025356
,3,4月1日起交通违法记分将调整,1863684
,4,女孩被狗咬20天未愈伤口内发现药棉,1850347
,5,今日发现的橙色碎片不是第二个黑匣子,1747947
,6,91岁退伍飞行员拒绝上门服务排队核酸,1677984
,7,大学生嗓子疼就医查出急危重症,1352411
,8,MU5735飞行事故搜救最新情况,1151097
,9,男子嫖娼被拘10天遭公司开除索赔14万,1004479
,10,卫龙辣条包装被指打低俗擦边球,844900
,11,日本人公开吐槽华为,827080
,12,官方通报芜湖一小区保洁被电梯挤死,825021
,13,上海一男子变造核酸检测报告日期被行政拘留,802746
,14,面试就是一个复盘的过程,717855
,15,浙江丽水萤火虫美如星海,557664
,16,上海嘉定辟谣,498748
,17,坠机事故现场发现遗物101件,491602
,18,比下雨天更可怕的是回南天,490595
,19,欧盟与美国达成大额天然气交易,489166
,20,MU5735部分飞机残骸过火,487008
,21,小米辞退不能胜任工作员工终审败诉,445297
,22,爱心企业向吉林高校捐赠果汁,387620
,23,黑匣子数据下载可能遇3种情况,387581
,24,救援人员每天离场前列队三鞠躬,386888
,25,川航3U3839最新情况,378021
,26,牙买加总理当着威廉王子面称要独立,361668
,27,山东核酸检测贴纸太可爱了叭,333406
,28,单亲妈妈打工挣钱陪10岁儿子化疗,312712
,29,女子当妈后寻找26年前小护士,308960
,30,东航回应是否公布旅客名单,287268
,31,敦煌鸣沙山下雪了,286576
,32,美前高官称美国发动的许多战争都正当,284463
,33,RNG获得复活甲,282894
,34,牙上出现小黑点可能是隐匿性龋坏,276338
,35,走失萌娃强调是妈妈走丢了,275438
,36,朴宰灿看中国粉丝应援弹幕reaction,273794
,37,LPL季后赛,258747
,38,欧洲议员说不能用美国肮脏天然气替代俄气,222034
,39,回南天如何减湿除湿,213038
,40,什么样的感情最值得羡慕,207376
,41,救援人员向失联旅客家属行礼,199564
,42,上海00后女生教方言时薪六百,194877
,43,真的不要再节食减肥了,170697
,44,手机拍出花墙氛围照攻略,161758
,45,核心区发现飞机发动机齿轮箱和主起落架,148149
,46,工作上的事要和爸妈说吗,130829
,47,村民为因疫情滞留货车司机做大盘鸡,117063
,48,机组人员没有挂出任何紧急代码,114911
,49,中国女足上升3位排名世界第16,112595
,50,董路呼吁改善中国足球舆论环境,112544
,,,
Time,No.,Content,Hotness
2022-03-25 23:15:01,,,
,,人民日报论十个明确, 
,1,卫龙辣条包装被指打低俗擦边球,2302774
,2,回南天,2289202
,3,4月1日起交通违法记分将调整,1946370
,•,庆余年1.5季,
,4,女孩被狗咬20天未愈伤口内发现药棉,1933354
,5,蛀牙烂到牙神经有多疼,1759546
,6,今日发现的橙色碎片不是第二个黑匣子,1632694
,7,91岁退伍飞行员拒绝上门服务排队核酸,1501654
,8,大学生嗓子疼就医查出急危重症,1270106
,9,MU5735飞行事故搜救最新情况,1001473
,10,男子嫖娼被拘10天遭公司开除索赔14万,846533
,11,日本人公开吐槽华为,840329
,12,官方通报芜湖一小区保洁被电梯挤死,833971
,13,面试就是一个复盘的过程,698346
,14,欧盟与美国达成大额天然气交易,656520
,15,上海一男子变造核酸检测报告日期被行政拘留,568101
,16,比下雨天更可怕的是回南天,553859
,17,上海嘉定辟谣,547445
,18,牙上出现小黑点可能是隐匿性龋坏,503824
,19,浙江丽水萤火虫美如星海,496601
,20,坠机事故现场发现遗物101件,458943
,21,牙买加总理当着威廉王子面称要独立,441679
,22,女子当妈后寻找26年前小护士,393590
,23,MU5735部分飞机残骸过火,389803
,24,小米辞退不能胜任工作员工终审败诉,382403
,25,川航3U3839最新情况,351349
,26,黑匣子数据下载可能遇3种情况,350685
,27,美前高官称美国发动的许多战争都正当,347058
,28,走失萌娃强调是妈妈走丢了,313164
,29,救援人员每天离场前列队三鞠躬,310066
,30,敦煌鸣沙山下雪了,290383
,31,山东核酸检测贴纸太可爱了叭,289190
,32,爱心企业向吉林高校捐赠果汁,286066
,33,原来纪云禾死不了,剧集 284374
,34,东航回应是否公布旅客名单,269860
,35,长春买菜,259262
,36,单亲妈妈打工挣钱陪10岁儿子化疗,250564
,37,RNG获得复活甲,249602
,38,卫龙回应包装争议广告语,219688
,39,回南天如何减湿除湿,219345
,40,什么样的感情最值得羡慕,211538
,41,欧洲议员说不能用美国肮脏天然气替代俄气,199842
,42,LPL季后赛,194110
,43,救援人员向失联旅客家属行礼,185036
,44,董路呼吁改善中国足球舆论环境,182909
,45,上海00后女生教方言时薪六百,179410
,46,手机拍出花墙氛围照攻略,163392
,47,真的不要再节食减肥了,159750
,48,村民为因疫情滞留货车司机做大盘鸡,157702
,49,中交一公局通报原总经济师受贿,139629
,50,机组人员没有挂出任何紧急代码,137017
,,,
Time,No.,Content,Hotness
2022-03-25 23:30:01,,,
,,全面排查整治各行业领域安全隐患, 
,1,卫龙辣条包装被指打低俗擦边球,3220438
,2,回南天,1970850
,3,4月1日起交通违法记分将调整,1934509
,•,3999元起荣耀Magic4开卖,
,4,女孩被狗咬20天未愈伤口内发现药棉,1899182
,5,今日发现的橙色碎片不是第二个黑匣子,1688992
,6,蛀牙烂到牙神经有多疼,1532084
,7,91岁退伍飞行员拒绝上门服务排队核酸,1429148
,8,大学生嗓子疼就医查出急危重症,1204104
,9,MU5735飞行事故搜救最新情况,930724
,10,男子嫖娼被拘10天遭公司开除索赔14万,771423
,11,日本人公开吐槽华为,762966
,12,官方通报芜湖一小区保洁被电梯挤死,708104
,13,牙上出现小黑点可能是隐匿性龋坏,695170
,14,面试就是一个复盘的过程,665883
,15,欧盟与美国达成大额天然气交易,658534
,16,长春买菜,565274
,17,上海嘉定辟谣,515339
,18,MU5735部分飞机残骸过火,474393
,19,牙买加总理当着威廉王子面称要独立,468537
,20,浙江丽水萤火虫美如星海,460411
,21,村民为因疫情滞留货车司机做大盘鸡,449757
,22,女子当妈后寻找26年前小护士,398985
,23,上海一男子变造核酸检测报告日期被行政拘留,397702
,24,卫龙回应包装争议广告语,394593
,25,坠机事故现场发现遗物101件,382910
,26,比下雨天更可怕的是回南天,378012
,27,走失萌娃强调是妈妈走丢了,361766
,28,黑匣子数据下载可能遇3种情况,359590
,29,美前高官称美国发动的许多战争都正当,346918
,30,董路呼吁改善中国足球舆论环境,294905
,31,小米辞退不能胜任工作员工终审败诉,282220
,32,救援人员每天离场前列队三鞠躬,280927
,33,川航3U3839最新情况,261357
,34,敦煌鸣沙山下雪了,254784
,35,中交一公局通报原总经济师受贿,245347
,36,心理专家呼吁尊重MU5735乘客家属隐私,228136
,37,爱心企业向吉林高校捐赠果汁,217897
,38,RNG获得复活甲,209408
,39,东航回应是否公布旅客名单,207828
,40,单亲妈妈打工挣钱陪10岁儿子化疗,205362
,41,回南天如何减湿除湿,187902
,42,什么样的感情最值得羡慕,185999
,43,LPL季后赛,183410
,44,救援人员向失联旅客家属行礼,180204
,45,欧洲议员说不能用美国肮脏天然气替代俄气,153055
,46,上海00后女生教方言时薪六百,149294
,47,手机拍出花墙氛围照攻略,135547
,48,真的不要再节食减肥了,134374
,49,机组人员没有挂出任何紧急代码,104836
,50,雪润敦煌景如画,82401
,,,
Time,No.,Content,Hotness
2022-03-25 23:45:01,,,
,,人民日报论十个明确, 
,1,卫龙辣条包装被指打低俗擦边球,3491420
,2,回南天,1790969
,3,4月1日起交通违法记分将调整,1634226
,•,荣耀耳机卷起来了,
,4,女孩被狗咬20天未愈伤口内发现药棉,1629561
,5,今日发现的橙色碎片不是第二个黑匣子,1591130
,6,蛀牙烂到牙神经有多疼,1308780
,•,幽麦一下,
,7,91岁退伍飞行员拒绝上门服务排队核酸,1293589
,8,大学生嗓子疼就医查出急危重症,1108274
,9,MU5735飞行事故搜救最新情况,866762
,10,长春买菜,855489
,11,日本人公开吐槽华为,851998
,12,牙上出现小黑点可能是隐匿性龋坏,774163
,13,欧盟与美国达成大额天然气交易,703027
,14,男子嫖娼被拘10天遭公司开除索赔14万,649261
,15,面试就是一个复盘的过程,610786
,16,官方通报芜湖一小区保洁被电梯挤死,552120
,17,MU5735部分飞机残骸过火,531349
,18,村民为因疫情滞留货车司机做大盘鸡,522885
,19,上海嘉定辟谣,450844
,20,卫龙回应包装争议广告语,406002
,21,浙江丽水萤火虫美如星海,404518
,22,女子当妈后寻找26年前小护士,398873
,23,牙买加总理当着威廉王子面称要独立,396672
,24,比下雨天更可怕的是回南天,377707
,25,走失萌娃强调是妈妈走丢了,369105
,26,黑匣子数据下载可能遇3种情况,362314
,27,美前高官称美国发动的许多战争都正当,354850
,28,董路呼吁改善中国足球舆论环境,352934
,29,心理专家呼吁尊重MU5735乘客家属隐私,323577
,30,上海一男子变造核酸检测报告日期被行政拘留,301023
,31,敦煌鸣沙山下雪了,240894
,32,坠机事故现场发现遗物101件,240210
,33,小米辞退不能胜任工作员工终审败诉,235830
,34,救援人员每天离场前列队三鞠躬,220475
,35,东航回应是否公布旅客名单,205581
,36,川航3U3839最新情况,192415
,37,什么样的感情最值得羡慕,175138
,38,回南天如何减湿除湿,174699
,39,LPL季后赛,171465
,40,单亲妈妈打工挣钱陪10岁儿子化疗,165952
,41,RNG获得复活甲,163962
,42,救援人员向失联旅客家属行礼,155326
,43,中交一公局通报原总经济师受贿,150240
,44,上海00后女生教方言时薪六百,138842
,45,欧洲议员说不能用美国肮脏天然气替代俄气,138637
,46,爱心企业向吉林高校捐赠果汁,137632
,47,真的不要再节食减肥了,125115
,48,雪润敦煌景如画,115198
,49,机组人员没有挂出任何紧急代码,110793
,50,手机拍出花墙氛围照攻略,107085
